{
    "ja_JP": {
        "Add API Key": "\u0e40\u0e1e\u0e34\u0e48\u0e21\u0e04\u0e35\u0e22\u0e4c API",
        "Add Custom Field": "\u0e40\u0e1e\u0e34\u0e48\u0e21\u0e1f\u0e34\u0e25\u0e14\u0e4c\u0e17\u0e35\u0e48\u0e01\u0e33\u0e2b\u0e19\u0e14\u0e40\u0e2d\u0e07",
        "Add Mount Point": "\u0e40\u0e1e\u0e34\u0e48\u0e21 Mount Point",
        "Add Remote Relay": "\u0e40\u0e1e\u0e34\u0e48\u0e21\u0e23\u0e35\u0e40\u0e25\u0e22\u0e4c\u0e23\u0e30\u0e22\u0e30\u0e44\u0e01\u0e25",
        "Add SFTP User": "\u0e40\u0e1e\u0e34\u0e48\u0e21\u0e1c\u0e39\u0e49\u0e43\u0e0a\u0e49 SFTP",
        "Add User": "\u0e40\u0e1e\u0e34\u0e48\u0e21\u0e1c\u0e39\u0e49\u0e43\u0e0a\u0e49",
        "Add Web Hook": "\u0e40\u0e1e\u0e34\u0e48\u0e21 Web Hook",
        "Administration": "\u0e01\u0e32\u0e23\u0e08\u0e31\u0e14\u0e01\u0e32\u0e23\u0e23\u0e30\u0e1a\u0e1a",
        "Aggregate listener statistics are used to show station reports across the system. IP-based listener statistics are used to view live listener tracking and may be required for royalty reports.": "\u0e2a\u0e16\u0e34\u0e15\u0e34\u0e1c\u0e39\u0e49\u0e1f\u0e31\u0e07\u0e42\u0e14\u0e22\u0e23\u0e27\u0e21\u0e43\u0e0a\u0e49\u0e40\u0e1e\u0e37\u0e48\u0e2d\u0e41\u0e2a\u0e14\u0e07\u0e23\u0e32\u0e22\u0e07\u0e32\u0e19\u0e2a\u0e16\u0e32\u0e19\u0e35\u0e17\u0e31\u0e48\u0e27\u0e17\u0e31\u0e49\u0e07\u0e23\u0e30\u0e1a\u0e1a \u0e2a\u0e16\u0e34\u0e15\u0e34\u0e1c\u0e39\u0e49\u0e1f\u0e31\u0e07\u0e15\u0e32\u0e21 IP \u0e43\u0e0a\u0e49\u0e40\u0e1e\u0e37\u0e48\u0e2d\u0e14\u0e39\u0e01\u0e32\u0e23\u0e15\u0e34\u0e14\u0e15\u0e32\u0e21\u0e1c\u0e39\u0e49\u0e1f\u0e31\u0e07\u0e2a\u0e14\u0e41\u0e25\u0e30\u0e2d\u0e32\u0e08\u0e08\u0e33\u0e40\u0e1b\u0e47\u0e19\u0e2a\u0e33\u0e2b\u0e23\u0e31\u0e1a\u0e23\u0e32\u0e22\u0e07\u0e32\u0e19\u0e04\u0e48\u0e32\u0e25\u0e34\u0e02\u0e2a\u0e34\u0e17\u0e18\u0e34\u0e4c",
        "Album": "\u0e2d\u0e31\u0e25\u0e1a\u0e31\u0e49\u0e21",
        "Allow Song Requests": "\u0e2d\u0e19\u0e38\u0e0d\u0e32\u0e15\u0e43\u0e2b\u0e49\u0e02\u0e2d\u0e40\u0e1e\u0e25\u0e07",
        "Allow Streamers \/ DJs": "\u0e2d\u0e19\u0e38\u0e0d\u0e32\u0e15\u0e43\u0e2b\u0e49\u0e2a\u0e15\u0e23\u0e35\u0e21\u0e40\u0e21\u0e2d\u0e23\u0e4c \/ \u0e14\u0e35\u0e40\u0e08",
        "Always Use HTTPS": "\u0e43\u0e0a\u0e49 HTTPS \u0e40\u0e2a\u0e21\u0e2d",
        "Artist": "\u0e28\u0e34\u0e25\u0e1b\u0e34\u0e19",
        "AutoDJ Bitrate (kbps)": "\u0e1a\u0e34\u0e15\u0e40\u0e23\u0e15 AutoDJ (kbps)",
        "AutoDJ Format": "\u0e23\u0e39\u0e1b\u0e41\u0e1a\u0e1a AutoDJ",
        "AutoDJ Queue Length": "\u0e04\u0e27\u0e32\u0e21\u0e22\u0e32\u0e27\u0e04\u0e34\u0e27 AutoDJ",
        "AutoDJ Service": "\u0e1a\u0e23\u0e34\u0e01\u0e32\u0e23 AutoDJ",
        "Automatically Set from ID3v2 Value": "\u0e15\u0e31\u0e49\u0e07\u0e04\u0e48\u0e32\u0e42\u0e14\u0e22\u0e2d\u0e31\u0e15\u0e42\u0e19\u0e21\u0e31\u0e15\u0e34\u0e08\u0e32\u0e01\u0e04\u0e48\u0e32 ID3v2",
        "Banned IP Addresses": "\u0e17\u0e35\u0e48\u0e2d\u0e22\u0e39\u0e48 IP \u0e17\u0e35\u0e48\u0e16\u0e39\u0e01\u0e2b\u0e49\u0e32\u0e21",
        "Base Station Directory": "\u0e44\u0e14\u0e40\u0e23\u0e01\u0e17\u0e2d\u0e23\u0e35\u0e2a\u0e16\u0e32\u0e19\u0e35\u0e2b\u0e25\u0e31\u0e01",
        "Base Theme for Public Pages": "\u0e18\u0e35\u0e21\u0e1e\u0e37\u0e49\u0e19\u0e10\u0e32\u0e19\u0e2a\u0e33\u0e2b\u0e23\u0e31\u0e1a\u0e2b\u0e19\u0e49\u0e32\u0e2a\u0e32\u0e18\u0e32\u0e23\u0e13\u0e30",
        "Bot Token": "\u0e42\u0e17\u0e40\u0e04\u0e47\u0e19\u0e1a\u0e2d\u0e17",
        "Broadcast AutoDJ to Remote Station": "\u0e16\u0e48\u0e32\u0e22\u0e17\u0e2d\u0e14\u0e40\u0e2a\u0e35\u0e22\u0e07 AutoDJ \u0e44\u0e1b\u0e22\u0e31\u0e07\u0e2a\u0e16\u0e32\u0e19\u0e35\u0e23\u0e30\u0e22\u0e30\u0e44\u0e01\u0e25",
        "Broadcasting": "\u0e01\u0e32\u0e23\u0e16\u0e48\u0e32\u0e22\u0e17\u0e2d\u0e14\u0e40\u0e2a\u0e35\u0e22\u0e07",
        "Broadcasting Service": "\u0e1a\u0e23\u0e34\u0e01\u0e32\u0e23\u0e16\u0e48\u0e32\u0e22\u0e17\u0e2d\u0e14\u0e40\u0e2a\u0e35\u0e22\u0e07",
        "Character Set Encoding": "\u0e15\u0e31\u0e49\u0e07\u0e04\u0e48\u0e32\u0e01\u0e32\u0e23\u0e40\u0e02\u0e49\u0e32\u0e23\u0e2b\u0e31\u0e2a\u0e15\u0e31\u0e27\u0e2d\u0e31\u0e01\u0e29\u0e23",
        "Choose a name for this webhook that will help you distinguish it from others. This will only be shown on the administration page.": "\u0e40\u0e25\u0e37\u0e2d\u0e01\u0e0a\u0e37\u0e48\u0e2d\u0e2a\u0e33\u0e2b\u0e23\u0e31\u0e1a Webhook \u0e19\u0e35\u0e49\u0e17\u0e35\u0e48\u0e08\u0e30\u0e0a\u0e48\u0e27\u0e22\u0e43\u0e2b\u0e49\u0e04\u0e38\u0e13\u0e41\u0e15\u0e01\u0e15\u0e48\u0e32\u0e07\u0e08\u0e32\u0e01\u0e1c\u0e39\u0e49\u0e2d\u0e37\u0e48\u0e19 \u0e2a\u0e34\u0e48\u0e07\u0e19\u0e35\u0e49\u0e08\u0e30\u0e41\u0e2a\u0e14\u0e07\u0e43\u0e19\u0e2b\u0e19\u0e49\u0e32\u0e01\u0e32\u0e23\u0e14\u0e39\u0e41\u0e25\u0e23\u0e30\u0e1a\u0e1a\u0e40\u0e17\u0e48\u0e32\u0e19\u0e31\u0e49\u0e19",
        "Code from Authenticator App": "\u0e23\u0e2b\u0e31\u0e2a\u0e23\u0e31\u0e1a\u0e23\u0e2d\u0e07\u0e04\u0e27\u0e32\u0e21\u0e16\u0e39\u0e01\u0e15\u0e49\u0e2d\u0e07\u0e08\u0e32\u0e01\u0e41\u0e2d\u0e1b",
        "Comments": "\u0e04\u0e27\u0e32\u0e21\u0e04\u0e34\u0e14\u0e40\u0e2b\u0e47\u0e19",
        "Configure Backups": "\u0e01\u0e33\u0e2b\u0e19\u0e14\u0e04\u0e48\u0e32\u0e01\u0e32\u0e23\u0e2a\u0e33\u0e23\u0e2d\u0e07\u0e02\u0e49\u0e2d\u0e21\u0e39\u0e25",
        "Confirm New Password": "\u0e22\u0e37\u0e19\u0e22\u0e31\u0e19\u0e23\u0e2b\u0e31\u0e2a\u0e1c\u0e48\u0e32\u0e19\u0e43\u0e2b\u0e21\u0e48",
        "Copies older than the specified number of days will automatically be deleted. Set to zero to disable automatic deletion.": "\u0e2a\u0e33\u0e40\u0e19\u0e32\u0e17\u0e35\u0e48\u0e40\u0e01\u0e48\u0e32\u0e01\u0e27\u0e48\u0e32\u0e08\u0e33\u0e19\u0e27\u0e19\u0e27\u0e31\u0e19\u0e17\u0e35\u0e48\u0e23\u0e30\u0e1a\u0e38\u0e08\u0e30\u0e16\u0e39\u0e01\u0e25\u0e1a\u0e42\u0e14\u0e22\u0e2d\u0e31\u0e15\u0e42\u0e19\u0e21\u0e31\u0e15\u0e34 \u0e15\u0e31\u0e49\u0e07\u0e04\u0e48\u0e32\u0e40\u0e1b\u0e47\u0e19\u0e28\u0e39\u0e19\u0e22\u0e4c\u0e40\u0e1e\u0e37\u0e48\u0e2d\u0e1b\u0e34\u0e14\u0e43\u0e0a\u0e49\u0e07\u0e32\u0e19\u0e01\u0e32\u0e23\u0e25\u0e1a\u0e2d\u0e31\u0e15\u0e42\u0e19\u0e21\u0e31\u0e15\u0e34",
        "Create Account": "\u0e2a\u0e23\u0e49\u0e32\u0e07\u0e1a\u0e31\u0e0d\u0e0a\u0e35",
        "Crossfade Duration (Seconds)": "\u0e23\u0e30\u0e22\u0e30\u0e40\u0e27\u0e25\u0e32\u0e01\u0e32\u0e23\u0e40\u0e1b\u0e25\u0e35\u0e48\u0e22\u0e19\u0e41\u0e17\u0e23\u0e47\u0e01 (\u0e27\u0e34\u0e19\u0e32\u0e17\u0e35)",
        "Crossfade Method": "\u0e27\u0e34\u0e18\u0e35\u0e01\u0e32\u0e23\u0e40\u0e1b\u0e25\u0e35\u0e48\u0e22\u0e19\u0e41\u0e17\u0e23\u0e47\u0e01",
        "Current Installed Version": "\u0e40\u0e27\u0e2d\u0e23\u0e4c\u0e0a\u0e31\u0e19\u0e17\u0e35\u0e48\u0e15\u0e34\u0e14\u0e15\u0e31\u0e49\u0e07\u0e1b\u0e31\u0e08\u0e08\u0e38\u0e1a\u0e31\u0e19",
        "Current Password": "\u0e23\u0e2b\u0e31\u0e2a\u0e1c\u0e48\u0e32\u0e19\u0e1b\u0e31\u0e08\u0e08\u0e38\u0e1a\u0e31\u0e19",
        "Custom Configuration": "\u0e01\u0e33\u0e2b\u0e19\u0e14\u0e04\u0e48\u0e32\u0e41\u0e1a\u0e1a\u0e01\u0e33\u0e2b\u0e19\u0e14\u0e40\u0e2d\u0e07",
        "Custom CSS for Internal Pages": "CSS \u0e17\u0e35\u0e48\u0e01\u0e33\u0e2b\u0e19\u0e14\u0e40\u0e2d\u0e07\u0e2a\u0e33\u0e2b\u0e23\u0e31\u0e1a\u0e2b\u0e19\u0e49\u0e32\u0e20\u0e32\u0e22\u0e43\u0e19",
        "Custom CSS for Public Pages": "CSS \u0e17\u0e35\u0e48\u0e01\u0e33\u0e2b\u0e19\u0e14\u0e40\u0e2d\u0e07\u0e2a\u0e33\u0e2b\u0e23\u0e31\u0e1a\u0e2b\u0e19\u0e49\u0e32\u0e2a\u0e32\u0e18\u0e32\u0e23\u0e13\u0e30",
        "Custom Frontend Configuration": "\u0e01\u0e33\u0e2b\u0e19\u0e14\u0e04\u0e48\u0e32\u0e2b\u0e19\u0e49\u0e32\u0e40\u0e27\u0e47\u0e1a\u0e44\u0e0b\u0e15\u0e4c\u0e41\u0e1a\u0e1a\u0e01\u0e33\u0e2b\u0e19\u0e14\u0e40\u0e2d\u0e07",
        "Custom JS for Public Pages": "Custom JS \u0e2a\u0e33\u0e2b\u0e23\u0e31\u0e1a\u0e2b\u0e19\u0e49\u0e32\u0e2a\u0e32\u0e18\u0e32\u0e23\u0e13\u0e30",
        "Customize Administrator Password": "\u0e01\u0e33\u0e2b\u0e19\u0e14\u0e23\u0e2b\u0e31\u0e2a\u0e1c\u0e48\u0e32\u0e19\u0e02\u0e2d\u0e07\u0e1c\u0e39\u0e49\u0e14\u0e39\u0e41\u0e25\u0e23\u0e30\u0e1a\u0e1a\u0e40\u0e2d\u0e07",
        "Customize Broadcasting Port": "\u0e01\u0e33\u0e2b\u0e19\u0e14\u0e1e\u0e2d\u0e23\u0e4c\u0e15\u0e16\u0e48\u0e32\u0e22\u0e17\u0e2d\u0e14\u0e40\u0e2a\u0e35\u0e22\u0e07\u0e40\u0e2d\u0e07",
        "Customize DJ\/Streamer Mount Point": "\u0e1b\u0e23\u0e31\u0e1a\u0e41\u0e15\u0e48\u0e07 DJ \/ Streamer Mount Point",
        "Customize DJ\/Streamer Port": "\u0e1b\u0e23\u0e31\u0e1a\u0e41\u0e15\u0e48\u0e07\u0e1e\u0e2d\u0e23\u0e4c\u0e15 DJ \/ Streamer",
        "Customize Internal Request Processing Port": "\u0e1b\u0e23\u0e31\u0e1a\u0e41\u0e15\u0e48\u0e07\u0e1e\u0e2d\u0e23\u0e4c\u0e15\u0e1b\u0e23\u0e30\u0e21\u0e27\u0e25\u0e1c\u0e25\u0e04\u0e33\u0e02\u0e2d\u0e20\u0e32\u0e22\u0e43\u0e19",
        "Customize Source Password": "\u0e01\u0e33\u0e2b\u0e19\u0e14\u0e23\u0e2b\u0e31\u0e2a\u0e1c\u0e48\u0e32\u0e19\u0e40\u0e2d\u0e07",
        "Customize the number of songs that will appear in the \"Song History\" section for this station and in all public APIs.": "\u0e01\u0e33\u0e2b\u0e19\u0e14\u0e08\u0e33\u0e19\u0e27\u0e19\u0e40\u0e1e\u0e25\u0e07\u0e17\u0e35\u0e48\u0e08\u0e30\u0e1b\u0e23\u0e32\u0e01\u0e0f\u0e43\u0e19\u0e2a\u0e48\u0e27\u0e19 \"\u0e1b\u0e23\u0e30\u0e27\u0e31\u0e15\u0e34\u0e40\u0e1e\u0e25\u0e07\" \u0e2a\u0e33\u0e2b\u0e23\u0e31\u0e1a\u0e2a\u0e16\u0e32\u0e19\u0e35\u0e19\u0e35\u0e49\u0e41\u0e25\u0e30\u0e43\u0e19 API \u0e2a\u0e32\u0e18\u0e32\u0e23\u0e13\u0e30\u0e17\u0e31\u0e49\u0e07\u0e2b\u0e21\u0e14",
        "Deactivate Streamer on Disconnect (Seconds)": "\u0e1b\u0e34\u0e14\u0e43\u0e0a\u0e49\u0e07\u0e32\u0e19 Streamer \u0e40\u0e21\u0e37\u0e48\u0e2d\u0e22\u0e01\u0e40\u0e25\u0e34\u0e01\u0e01\u0e32\u0e23\u0e40\u0e0a\u0e37\u0e48\u0e2d\u0e21\u0e15\u0e48\u0e2d (\u0e27\u0e34\u0e19\u0e32\u0e17\u0e35)",
        "Default Album Art URL": "URL \u0e2b\u0e19\u0e49\u0e32\u0e1b\u0e01\u0e2d\u0e31\u0e25\u0e1a\u0e31\u0e49\u0e21\u0e40\u0e23\u0e34\u0e48\u0e21\u0e15\u0e49\u0e19",
        "Description": "\u0e23\u0e32\u0e22\u0e25\u0e30\u0e40\u0e2d\u0e35\u0e22\u0e14",
        "Directory": "\u0e44\u0e14\u0e40\u0e23\u0e01\u0e17\u0e2d\u0e23\u0e35",
        "Disable": "\u0e1b\u0e34\u0e14\u0e43\u0e0a\u0e49\u0e07\u0e32\u0e19",
        "Disabled": "\u0e1b\u0e34\u0e14\u0e01\u0e32\u0e23\u0e43\u0e0a\u0e49\u0e07\u0e32\u0e19",
        "Display Name": "\u0e41\u0e2a\u0e14\u0e07\u0e0a\u0e37\u0e48\u0e2d",
        "DJ\/Streamer Buffer Time (Seconds)": "\u0e40\u0e27\u0e25\u0e32\u0e1a\u0e31\u0e1f\u0e40\u0e1f\u0e2d\u0e23\u0e4c DJ \/ Streamer (\u0e27\u0e34\u0e19\u0e32\u0e17\u0e35)",
        "Duplicate Prevention Time Range (Minutes)": "\u0e0a\u0e48\u0e27\u0e07\u0e40\u0e27\u0e25\u0e32\u0e1b\u0e49\u0e2d\u0e07\u0e01\u0e31\u0e19\u0e0b\u0e49\u0e33 (\u0e19\u0e32\u0e17\u0e35)",
        "E-mail Address": "\u30e1\u30fc\u30eb\u30a2\u30c9\u30ec\u30b9",
        "Edit Liquidsoap Configuration": "\u0e41\u0e01\u0e49\u0e44\u0e02\u0e01\u0e32\u0e23\u0e01\u0e33\u0e2b\u0e19\u0e14\u0e04\u0e48\u0e32 Liquidsoap",
        "Edit Profile": "\u0e41\u0e01\u0e49\u0e44\u0e02\u0e42\u0e1b\u0e23\u0e44\u0e1f\u0e25\u0e4c",
        "Enable AutoDJ": "\u0e40\u0e1b\u0e34\u0e14\u0e43\u0e0a\u0e49\u0e07\u0e32\u0e19 AutoDJ",
        "Enable Broadcasting": "\u0e40\u0e1b\u0e34\u0e14\u0e43\u0e0a\u0e49\u0e07\u0e32\u0e19\u0e01\u0e32\u0e23\u0e16\u0e48\u0e32\u0e22\u0e17\u0e2d\u0e14\u0e40\u0e2a\u0e35\u0e22\u0e07",
        "Enable to advertise this mount point on \"Yellow Pages\" public radio directories.": "\u0e40\u0e1b\u0e34\u0e14\u0e43\u0e0a\u0e49\u0e07\u0e32\u0e19\u0e40\u0e1e\u0e37\u0e48\u0e2d\u0e42\u0e06\u0e29\u0e13\u0e32 Mount Point \u0e19\u0e35\u0e49\u0e43\u0e19\u0e44\u0e14\u0e40\u0e23\u0e01\u0e17\u0e2d\u0e23\u0e35\u0e27\u0e34\u0e17\u0e22\u0e38\u0e2a\u0e32\u0e18\u0e32\u0e23\u0e13\u0e30 \"\u0e2a\u0e21\u0e38\u0e14\u0e2b\u0e19\u0e49\u0e32\u0e40\u0e2b\u0e25\u0e37\u0e2d\u0e07\"",
        "Enable to allow listeners to select this relay on this station's public pages.": "\u0e40\u0e1b\u0e34\u0e14\u0e43\u0e0a\u0e49\u0e07\u0e32\u0e19\u0e40\u0e1e\u0e37\u0e48\u0e2d\u0e43\u0e2b\u0e49\u0e1c\u0e39\u0e49\u0e1f\u0e31\u0e07\u0e40\u0e25\u0e37\u0e2d\u0e01\u0e23\u0e35\u0e40\u0e25\u0e22\u0e4c\u0e19\u0e35\u0e49\u0e43\u0e19\u0e2b\u0e19\u0e49\u0e32\u0e2a\u0e32\u0e18\u0e32\u0e23\u0e13\u0e30\u0e02\u0e2d\u0e07\u0e2a\u0e16\u0e32\u0e19\u0e35\u0e19\u0e35\u0e49",
        "Enable to have AzuraCast automatically run nightly backups at the time specified.": "\u0e40\u0e1b\u0e34\u0e14\u0e43\u0e0a\u0e49\u0e07\u0e32\u0e19\u0e40\u0e1e\u0e37\u0e48\u0e2d\u0e40\u0e23\u0e35\u0e22\u0e01\u0e43\u0e0a\u0e49\u0e01\u0e32\u0e23\u0e2a\u0e33\u0e23\u0e2d\u0e07\u0e02\u0e49\u0e2d\u0e21\u0e39\u0e25\u0e17\u0e38\u0e01\u0e04\u0e37\u0e19\u0e42\u0e14\u0e22\u0e2d\u0e31\u0e15\u0e42\u0e19\u0e21\u0e31\u0e15\u0e34\u0e15\u0e32\u0e21\u0e40\u0e27\u0e25\u0e32\u0e17\u0e35\u0e48\u0e01\u0e33\u0e2b\u0e19\u0e14",
        "Enter the current code provided by your authenticator app to verify that it's working correctly.": "\u0e1b\u0e49\u0e2d\u0e19\u0e23\u0e2b\u0e31\u0e2a\u0e23\u0e31\u0e1a\u0e23\u0e2d\u0e07\u0e04\u0e27\u0e32\u0e21\u0e16\u0e39\u0e01\u0e15\u0e49\u0e2d\u0e07\u0e08\u0e32\u0e01\u0e41\u0e2d\u0e1b\u0e02\u0e2d\u0e07\u0e04\u0e38\u0e13\u0e40\u0e1e\u0e37\u0e48\u0e2d\u0e15\u0e23\u0e27\u0e08\u0e2a\u0e2d\u0e1a\u0e27\u0e48\u0e32\u0e17\u0e33\u0e07\u0e32\u0e19\u0e16\u0e39\u0e01\u0e15\u0e49\u0e2d\u0e07",
        "Enter the full URL of another stream to relay its broadcast through this mount point.": "\u0e1b\u0e49\u0e2d\u0e19 URL \u0e41\u0e1a\u0e1a\u0e40\u0e15\u0e47\u0e21\u0e02\u0e2d\u0e07\u0e2a\u0e15\u0e23\u0e35\u0e21\u0e2d\u0e37\u0e48\u0e19\u0e17\u0e35\u0e48\u0e08\u0e30\u0e16\u0e48\u0e32\u0e22\u0e17\u0e2d\u0e14\u0e2d\u0e2d\u0e01\u0e2d\u0e32\u0e01\u0e32\u0e28\u0e1c\u0e48\u0e32\u0e19 Mount Point \u0e19\u0e35\u0e49",
        "Exclude Media from Backup": "\u0e22\u0e01\u0e40\u0e27\u0e49\u0e19\u0e2a\u0e37\u0e48\u0e2d\u0e08\u0e32\u0e01\u0e01\u0e32\u0e23\u0e2a\u0e33\u0e23\u0e2d\u0e07\u0e02\u0e49\u0e2d\u0e21\u0e39\u0e25",
        "Excluding media from automated backups will save space, but you should make sure to back up your media elsewhere. Note that only locally stored media will be backed up.": "\u0e01\u0e32\u0e23\u0e22\u0e01\u0e40\u0e27\u0e49\u0e19\u0e2a\u0e37\u0e48\u0e2d\u0e08\u0e32\u0e01\u0e01\u0e32\u0e23\u0e2a\u0e33\u0e23\u0e2d\u0e07\u0e02\u0e49\u0e2d\u0e21\u0e39\u0e25\u0e2d\u0e31\u0e15\u0e42\u0e19\u0e21\u0e31\u0e15\u0e34\u0e08\u0e30\u0e0a\u0e48\u0e27\u0e22\u0e1b\u0e23\u0e30\u0e2b\u0e22\u0e31\u0e14\u0e1e\u0e37\u0e49\u0e19\u0e17\u0e35\u0e48 \u0e41\u0e15\u0e48\u0e04\u0e38\u0e13\u0e04\u0e27\u0e23\u0e2a\u0e33\u0e23\u0e2d\u0e07\u0e02\u0e49\u0e2d\u0e21\u0e39\u0e25\u0e2a\u0e37\u0e48\u0e2d\u0e02\u0e2d\u0e07\u0e04\u0e38\u0e13\u0e44\u0e27\u0e49\u0e17\u0e35\u0e48\u0e2d\u0e37\u0e48\u0e19 \u0e42\u0e1b\u0e23\u0e14\u0e17\u0e23\u0e32\u0e1a\u0e27\u0e48\u0e32\u0e08\u0e30\u0e2a\u0e33\u0e23\u0e2d\u0e07\u0e40\u0e09\u0e1e\u0e32\u0e30\u0e2a\u0e37\u0e48\u0e2d\u0e17\u0e35\u0e48\u0e08\u0e31\u0e14\u0e40\u0e01\u0e47\u0e1a\u0e44\u0e27\u0e49\u0e43\u0e19\u0e40\u0e04\u0e23\u0e37\u0e48\u0e2d\u0e07\u0e40\u0e17\u0e48\u0e32\u0e19\u0e31\u0e49\u0e19",
        "Fallback Mount": "Mount \u0e2a\u0e33\u0e23\u0e2d\u0e07",
        "Field Name": "\u0e0a\u0e37\u0e48\u0e2d\u0e1f\u0e34\u0e25\u0e14\u0e4c",
        "Friday": "\u0e28\u0e38\u0e01\u0e23\u0e4c",
        "Genre": "\u0e1b\u0e23\u0e30\u0e40\u0e20\u0e17\u0e40\u0e1e\u0e25\u0e07",
        "Hide Album Art on Public Pages": "\u0e0b\u0e48\u0e2d\u0e19\u0e1b\u0e01\u0e2d\u0e31\u0e25\u0e1a\u0e31\u0e49\u0e21\u0e43\u0e19\u0e2b\u0e19\u0e49\u0e32\u0e2a\u0e32\u0e18\u0e32\u0e23\u0e13\u0e30",
        "Hide AzuraCast Branding on Public Pages": "\u0e0b\u0e48\u0e2d\u0e19\u0e01\u0e32\u0e23\u0e2a\u0e23\u0e49\u0e32\u0e07\u0e41\u0e1a\u0e23\u0e19\u0e14\u0e4c AzuraCast \u0e1a\u0e19\u0e2b\u0e19\u0e49\u0e32\u0e2a\u0e32\u0e18\u0e32\u0e23\u0e13\u0e30",
        "Homepage Redirect URL": "URL \u0e01\u0e32\u0e23\u0e40\u0e1b\u0e25\u0e35\u0e48\u0e22\u0e19\u0e40\u0e2a\u0e49\u0e19\u0e17\u0e32\u0e07\u0e2b\u0e19\u0e49\u0e32\u0e41\u0e23\u0e01",
        "If a song has no album art, this URL will be listed instead. Leave blank to use the standard placeholder art.": "\u0e2b\u0e32\u0e01\u0e40\u0e1e\u0e25\u0e07\u0e44\u0e21\u0e48\u0e21\u0e35\u0e2b\u0e19\u0e49\u0e32\u0e1b\u0e01\u0e2d\u0e31\u0e25\u0e1a\u0e31\u0e49\u0e21, URL \u0e19\u0e35\u0e49\u0e08\u0e30\u0e41\u0e2a\u0e14\u0e07\u0e41\u0e17\u0e19. \u0e40\u0e27\u0e49\u0e19\u0e27\u0e48\u0e32\u0e07\u0e44\u0e27\u0e49\u0e40\u0e1e\u0e37\u0e48\u0e2d\u0e43\u0e0a\u0e49\u0e20\u0e32\u0e1e\u0e15\u0e31\u0e27\u0e22\u0e36\u0e14\u0e21\u0e32\u0e15\u0e23\u0e10\u0e32\u0e19",
        "If a visitor is not signed in and visits the AzuraCast homepage, you can automatically redirect them to the URL specified here. Leave blank to redirect them to the login screen by default.": "\u0e2b\u0e32\u0e01\u0e1c\u0e39\u0e49\u0e40\u0e22\u0e35\u0e48\u0e22\u0e21\u0e0a\u0e21\u0e44\u0e21\u0e48\u0e44\u0e14\u0e49\u0e25\u0e07\u0e0a\u0e37\u0e48\u0e2d\u0e40\u0e02\u0e49\u0e32\u0e43\u0e0a\u0e49\u0e41\u0e25\u0e30\u0e40\u0e02\u0e49\u0e32\u0e44\u0e1b\u0e17\u0e35\u0e48\u0e2b\u0e19\u0e49\u0e32\u0e41\u0e23\u0e01, \u0e04\u0e38\u0e13\u0e2a\u0e32\u0e21\u0e32\u0e23\u0e16\u0e40\u0e1b\u0e25\u0e35\u0e48\u0e22\u0e19\u0e40\u0e2a\u0e49\u0e19\u0e17\u0e32\u0e07\u0e44\u0e1b\u0e22\u0e31\u0e07 URL \u0e17\u0e35\u0e48\u0e23\u0e30\u0e1a\u0e38\u0e44\u0e27\u0e49\u0e17\u0e35\u0e48\u0e19\u0e35\u0e48\u0e42\u0e14\u0e22\u0e2d\u0e31\u0e15\u0e42\u0e19\u0e21\u0e31\u0e15\u0e34. \u0e40\u0e27\u0e49\u0e19\u0e27\u0e48\u0e32\u0e07\u0e44\u0e27\u0e49\u0e40\u0e1e\u0e37\u0e48\u0e2d\u0e40\u0e1b\u0e25\u0e35\u0e48\u0e22\u0e19\u0e40\u0e2a\u0e49\u0e19\u0e17\u0e32\u0e07\u0e44\u0e1b\u0e22\u0e31\u0e07\u0e2b\u0e19\u0e49\u0e32\u0e08\u0e2d\u0e40\u0e02\u0e49\u0e32\u0e2a\u0e39\u0e48\u0e23\u0e30\u0e1a\u0e1a\u0e15\u0e32\u0e21\u0e04\u0e48\u0e32\u0e40\u0e23\u0e34\u0e48\u0e21\u0e15\u0e49\u0e19",
        "If disabled, the station will not broadcast or shuffle its AutoDJ.": "\u0e2b\u0e32\u0e01\u0e1b\u0e34\u0e14\u0e43\u0e0a\u0e49\u0e07\u0e32\u0e19\u0e2a\u0e16\u0e32\u0e19\u0e35\u0e08\u0e30\u0e44\u0e21\u0e48\u0e2d\u0e2d\u0e01\u0e2d\u0e32\u0e01\u0e32\u0e28\u0e2b\u0e23\u0e37\u0e2d\u0e2a\u0e31\u0e1a\u0e40\u0e1b\u0e25\u0e35\u0e48\u0e22\u0e19 AutoDJ",
        "If enabled, the AutoDJ on this installation will automatically play music to this mount point.": "\u0e2b\u0e32\u0e01\u0e40\u0e1b\u0e34\u0e14\u0e43\u0e0a\u0e49\u0e07\u0e32\u0e19 AutoDJ \u0e08\u0e30\u0e40\u0e25\u0e48\u0e19\u0e40\u0e1e\u0e25\u0e07\u0e44\u0e1b\u0e22\u0e31\u0e07 Mount Point \u0e19\u0e35\u0e49\u0e42\u0e14\u0e22\u0e2d\u0e31\u0e15\u0e42\u0e19\u0e21\u0e31\u0e15\u0e34",
        "If enabled, the AutoDJ will automatically play music to this mount point.": "\u0e2b\u0e32\u0e01\u0e40\u0e1b\u0e34\u0e14\u0e43\u0e0a\u0e49\u0e07\u0e32\u0e19 AutoDJ \u0e08\u0e30\u0e40\u0e25\u0e48\u0e19\u0e40\u0e1e\u0e25\u0e07\u0e44\u0e1b\u0e22\u0e31\u0e07 Mount Point \u0e19\u0e35\u0e49\u0e42\u0e14\u0e22\u0e2d\u0e31\u0e15\u0e42\u0e19\u0e21\u0e31\u0e15\u0e34",
        "If selected, album art will not display on public-facing radio pages.": "\u0e2b\u0e32\u0e01\u0e40\u0e25\u0e37\u0e2d\u0e01, \u0e1b\u0e01\u0e2d\u0e31\u0e25\u0e1a\u0e31\u0e49\u0e21\u0e08\u0e30\u0e44\u0e21\u0e48\u0e41\u0e2a\u0e14\u0e07\u0e1a\u0e19\u0e2b\u0e19\u0e49\u0e32\u0e27\u0e34\u0e17\u0e22\u0e38\u0e2a\u0e32\u0e18\u0e32\u0e23\u0e13\u0e30",
        "If selected, this will remove the AzuraCast branding from public-facing pages.": "\u0e2b\u0e32\u0e01\u0e40\u0e25\u0e37\u0e2d\u0e01\u0e01\u0e32\u0e23\u0e14\u0e33\u0e40\u0e19\u0e34\u0e19\u0e01\u0e32\u0e23\u0e19\u0e35\u0e49\u0e08\u0e30\u0e25\u0e1a\u0e01\u0e32\u0e23\u0e2a\u0e23\u0e49\u0e32\u0e07\u0e41\u0e1a\u0e23\u0e19\u0e14\u0e4c AzuraCast \u0e08\u0e32\u0e01\u0e2b\u0e19\u0e49\u0e32\u0e17\u0e35\u0e48\u0e40\u0e1b\u0e34\u0e14\u0e40\u0e1c\u0e22\u0e15\u0e48\u0e2d\u0e2a\u0e32\u0e18\u0e32\u0e23\u0e13\u0e30",
        "If this mount is the default, it will be played on the radio preview and the public radio page in this system.": "\u0e2b\u0e32\u0e01\u0e01\u0e32\u0e23\u0e15\u0e34\u0e14\u0e15\u0e31\u0e49\u0e07\u0e19\u0e35\u0e49\u0e40\u0e1b\u0e47\u0e19\u0e04\u0e48\u0e32\u0e40\u0e23\u0e34\u0e48\u0e21\u0e15\u0e49\u0e19\u0e08\u0e30\u0e40\u0e25\u0e48\u0e19\u0e1a\u0e19\u0e2b\u0e19\u0e49\u0e32\u0e15\u0e31\u0e27\u0e2d\u0e22\u0e48\u0e32\u0e07\u0e27\u0e34\u0e17\u0e22\u0e38\u0e41\u0e25\u0e30\u0e2b\u0e19\u0e49\u0e32\u0e27\u0e34\u0e17\u0e22\u0e38\u0e2a\u0e32\u0e18\u0e32\u0e23\u0e13\u0e30\u0e43\u0e19\u0e23\u0e30\u0e1a\u0e1a\u0e19\u0e35\u0e49",
        "If this mount point is not playing audio, listeners will automatically be redirected to this mount point. The default is \/error.mp3, a repeating error message.": "\u0e2b\u0e32\u0e01 Mount Point \u0e19\u0e35\u0e49\u0e44\u0e21\u0e48\u0e40\u0e25\u0e48\u0e19\u0e40\u0e2a\u0e35\u0e22\u0e07 \u0e1c\u0e39\u0e49\u0e1f\u0e31\u0e07\u0e08\u0e30\u0e16\u0e39\u0e01\u0e40\u0e1b\u0e25\u0e35\u0e48\u0e22\u0e19\u0e40\u0e2a\u0e49\u0e19\u0e17\u0e32\u0e07\u0e44\u0e1b\u0e22\u0e31\u0e07 Mount Point \u0e19\u0e35\u0e49\u0e42\u0e14\u0e22\u0e2d\u0e31\u0e15\u0e42\u0e19\u0e21\u0e31\u0e15\u0e34 \u0e04\u0e48\u0e32\u0e40\u0e23\u0e34\u0e48\u0e21\u0e15\u0e49\u0e19\u0e04\u0e37\u0e2d \/error.mp3 \u0e0b\u0e36\u0e48\u0e07\u0e40\u0e1b\u0e47\u0e19\u0e02\u0e49\u0e2d\u0e04\u0e27\u0e32\u0e21\u0e41\u0e2a\u0e14\u0e07\u0e02\u0e49\u0e2d\u0e1c\u0e34\u0e14\u0e1e\u0e25\u0e32\u0e14\u0e17\u0e35\u0e48\u0e40\u0e01\u0e34\u0e14\u0e0b\u0e49\u0e33",
        "If you are broadcasting using AutoDJ, enter the source password here.": "\u0e2b\u0e32\u0e01\u0e04\u0e38\u0e13\u0e01\u0e33\u0e25\u0e31\u0e07\u0e2d\u0e2d\u0e01\u0e2d\u0e32\u0e01\u0e32\u0e28\u0e42\u0e14\u0e22\u0e43\u0e0a\u0e49 AutoDJ \u0e43\u0e2b\u0e49\u0e1b\u0e49\u0e2d\u0e19\u0e23\u0e2b\u0e31\u0e2a\u0e1c\u0e48\u0e32\u0e19\u0e15\u0e49\u0e19\u0e17\u0e32\u0e07\u0e17\u0e35\u0e48\u0e19\u0e35\u0e48",
        "If you are broadcasting using AutoDJ, enter the source username here. This may be blank.": "\u0e2b\u0e32\u0e01\u0e04\u0e38\u0e13\u0e01\u0e33\u0e25\u0e31\u0e07\u0e2d\u0e2d\u0e01\u0e2d\u0e32\u0e01\u0e32\u0e28\u0e42\u0e14\u0e22\u0e43\u0e0a\u0e49 AutoDJ \u0e43\u0e2b\u0e49\u0e1b\u0e49\u0e2d\u0e19\u0e0a\u0e37\u0e48\u0e2d\u0e1c\u0e39\u0e49\u0e43\u0e0a\u0e49\u0e15\u0e49\u0e19\u0e17\u0e32\u0e07\u0e17\u0e35\u0e48\u0e19\u0e35\u0e48 \u0e2b\u0e32\u0e01\u0e44\u0e21\u0e48\u0e17\u0e23\u0e32\u0e1a\u0e43\u0e2b\u0e49\u0e1b\u0e25\u0e48\u0e2d\u0e22\u0e27\u0e48\u0e32\u0e07\u0e44\u0e27\u0e49",
        "If your web hook requires HTTP basic authentication, provide the password here.": "\u0e2b\u0e32\u0e01 Webhook \u0e02\u0e2d\u0e07\u0e04\u0e38\u0e13\u0e15\u0e49\u0e2d\u0e07\u0e01\u0e32\u0e23\u0e01\u0e32\u0e23\u0e15\u0e23\u0e27\u0e08\u0e2a\u0e2d\u0e1a\u0e2a\u0e34\u0e17\u0e18\u0e34\u0e4c\u0e1e\u0e37\u0e49\u0e19\u0e10\u0e32\u0e19 HTTP \u0e42\u0e1b\u0e23\u0e14\u0e23\u0e30\u0e1a\u0e38\u0e23\u0e2b\u0e31\u0e2a\u0e1c\u0e48\u0e32\u0e19\u0e17\u0e35\u0e48\u0e19\u0e35\u0e48",
        "If your web hook requires HTTP basic authentication, provide the username here.": "\u0e2b\u0e32\u0e01 Webhook \u0e02\u0e2d\u0e07\u0e04\u0e38\u0e13\u0e15\u0e49\u0e2d\u0e07\u0e01\u0e32\u0e23\u0e01\u0e32\u0e23\u0e15\u0e23\u0e27\u0e08\u0e2a\u0e2d\u0e1a\u0e2a\u0e34\u0e17\u0e18\u0e34\u0e4c\u0e02\u0e31\u0e49\u0e19\u0e1e\u0e37\u0e49\u0e19\u0e10\u0e32\u0e19\u0e02\u0e2d\u0e07 HTTP \u0e42\u0e1b\u0e23\u0e14\u0e23\u0e30\u0e1a\u0e38\u0e0a\u0e37\u0e48\u0e2d\u0e1c\u0e39\u0e49\u0e43\u0e0a\u0e49\u0e17\u0e35\u0e48\u0e19\u0e35\u0e48",
        "Install GeoLite IP Database": "\u0e15\u0e34\u0e14\u0e15\u0e31\u0e49\u0e07\u0e10\u0e32\u0e19\u0e02\u0e49\u0e2d\u0e21\u0e39\u0e25 GeoLite IP",
        "Instructions": "\u0e04\u0e33\u0e41\u0e19\u0e30\u0e19\u0e33",
        "Language": "\u0e20\u0e32\u0e29\u0e32",
        "Leave blank to automatically generate a new password.": "\u0e40\u0e27\u0e49\u0e19\u0e27\u0e48\u0e32\u0e07\u0e44\u0e27\u0e49\u0e40\u0e1e\u0e37\u0e48\u0e2d\u0e2a\u0e23\u0e49\u0e32\u0e07\u0e23\u0e2b\u0e31\u0e2a\u0e1c\u0e48\u0e32\u0e19\u0e43\u0e2b\u0e21\u0e48\u0e42\u0e14\u0e22\u0e2d\u0e31\u0e15\u0e42\u0e19\u0e21\u0e31\u0e15\u0e34",
        "Leave blank to use the current password.": "\u0e40\u0e27\u0e49\u0e19\u0e27\u0e48\u0e32\u0e07\u0e44\u0e27\u0e49\u0e40\u0e1e\u0e37\u0e48\u0e2d\u0e43\u0e0a\u0e49\u0e23\u0e2b\u0e31\u0e2a\u0e1c\u0e48\u0e32\u0e19\u0e1b\u0e31\u0e08\u0e08\u0e38\u0e1a\u0e31\u0e19",
        "Length": "\u0e23\u0e30\u0e22\u0e30\u0e40\u0e27\u0e25\u0e32",
        "List one IP address or group (in CIDR format) per line.": "\u0e41\u0e2a\u0e14\u0e07\u0e23\u0e32\u0e22\u0e01\u0e32\u0e23\u0e17\u0e35\u0e48\u0e2d\u0e22\u0e39\u0e48 IP \u0e2b\u0e19\u0e36\u0e48\u0e07\u0e23\u0e32\u0e22\u0e01\u0e32\u0e23\u0e2b\u0e23\u0e37\u0e2d\u0e01\u0e25\u0e38\u0e48\u0e21 (\u0e43\u0e19\u0e23\u0e39\u0e1b\u0e41\u0e1a\u0e1a CIDR) \u0e15\u0e48\u0e2d\u0e1a\u0e23\u0e23\u0e17\u0e31\u0e14",
        "Listener Analytics Collection": "\u0e23\u0e27\u0e1a\u0e23\u0e27\u0e21\u0e2a\u0e16\u0e34\u0e15\u0e34\u0e1c\u0e39\u0e49\u0e1f\u0e31\u0e07",
        "Listeners": "\u0e1c\u0e39\u0e49\u0e1f\u0e31\u0e07",
        "Listeners by Day": "\u0e1c\u0e39\u0e49\u0e1f\u0e31\u0e07\u0e15\u0e32\u0e21\u0e27\u0e31\u0e19",
        "Listeners by Day of Week": "\u0e1c\u0e39\u0e49\u0e1f\u0e31\u0e07\u0e15\u0e32\u0e21\u0e27\u0e31\u0e19\u0e02\u0e2d\u0e07\u0e2a\u0e31\u0e1b\u0e14\u0e32\u0e2b\u0e4c",
        "Listeners by Hour": "\u0e1c\u0e39\u0e49\u0e1f\u0e31\u0e07\u0e15\u0e32\u0e21\u0e0a\u0e31\u0e48\u0e27\u0e42\u0e21\u0e07",
        "Live Broadcast Recording Bitrate (kbps)": "\u0e1a\u0e34\u0e15\u0e40\u0e23\u0e15\u0e01\u0e32\u0e23\u0e1a\u0e31\u0e19\u0e17\u0e36\u0e01\u0e01\u0e32\u0e23\u0e16\u0e48\u0e32\u0e22\u0e17\u0e2d\u0e14\u0e2a\u0e14 (kbps)",
        "Live Broadcast Recording Format": "\u0e23\u0e39\u0e1b\u0e41\u0e1a\u0e1a\u0e01\u0e32\u0e23\u0e1a\u0e31\u0e19\u0e17\u0e36\u0e01\u0e01\u0e32\u0e23\u0e16\u0e48\u0e32\u0e22\u0e17\u0e2d\u0e14\u0e2a\u0e14",
        "Live Recordings Storage Location": "\u0e2a\u0e16\u0e32\u0e19\u0e17\u0e35\u0e48\u0e08\u0e31\u0e14\u0e40\u0e01\u0e47\u0e1a\u0e1a\u0e31\u0e19\u0e17\u0e36\u0e01\u0e01\u0e32\u0e23\u0e16\u0e48\u0e32\u0e22\u0e17\u0e2d\u0e14\u0e2a\u0e14",
        "Manual AutoDJ Mode": "\u0e42\u0e2b\u0e21\u0e14 AutoDJ \u0e14\u0e49\u0e27\u0e22\u0e15\u0e19\u0e40\u0e2d\u0e07",
        "Maximum Listeners": "\u0e08\u0e33\u0e19\u0e27\u0e19\u0e1c\u0e39\u0e49\u0e1f\u0e31\u0e07\u0e2a\u0e39\u0e07\u0e2a\u0e38\u0e14",
        "Media Storage Location": "\u0e15\u0e33\u0e41\u0e2b\u0e19\u0e48\u0e07\u0e17\u0e35\u0e48\u0e40\u0e01\u0e47\u0e1a\u0e2a\u0e37\u0e48\u0e2d",
        "Monday": "\u0e08\u0e31\u0e19\u0e17\u0e23\u0e4c",
        "Mount Point URL": "URL Mount Point",
        "Name": "\u0e0a\u0e37\u0e48\u0e2d",
        "New Password": "\u0e23\u0e2b\u0e31\u0e2a\u0e1c\u0e48\u0e32\u0e19\u0e43\u0e2b\u0e21\u0e48",
        "New Station Description": "\u0e04\u0e33\u0e2d\u0e18\u0e34\u0e1a\u0e32\u0e22\u0e2a\u0e16\u0e32\u0e19\u0e35\u0e43\u0e2b\u0e21\u0e48",
        "New Station Name": "\u0e0a\u0e37\u0e48\u0e2d\u0e2a\u0e16\u0e32\u0e19\u0e35\u0e43\u0e2b\u0e21\u0e48",
        "No": "\u3044\u3044\u3048",
        "No other program can be using this port. Leave blank to automatically assign a port.": "\u0e44\u0e21\u0e48\u0e21\u0e35\u0e42\u0e1b\u0e23\u0e41\u0e01\u0e23\u0e21\u0e2d\u0e37\u0e48\u0e19\u0e17\u0e35\u0e48\u0e2a\u0e32\u0e21\u0e32\u0e23\u0e16\u0e43\u0e0a\u0e49\u0e1e\u0e2d\u0e23\u0e4c\u0e15\u0e19\u0e35\u0e49\u0e44\u0e14\u0e49 \u0e40\u0e27\u0e49\u0e19\u0e27\u0e48\u0e32\u0e07\u0e44\u0e27\u0e49\u0e40\u0e1e\u0e37\u0e48\u0e2d\u0e01\u0e33\u0e2b\u0e19\u0e14\u0e1e\u0e2d\u0e23\u0e4c\u0e15\u0e42\u0e14\u0e22\u0e2d\u0e31\u0e15\u0e42\u0e19\u0e21\u0e31\u0e15\u0e34",
        "None": "\u0e44\u0e21\u0e48\u0e21\u0e35",
        "Note: This should be the public-facing homepage of the radio station, not the AzuraCast URL. It will be included in broadcast details.": "\u0e2b\u0e21\u0e32\u0e22\u0e40\u0e2b\u0e15\u0e38: \u0e19\u0e35\u0e48\u0e04\u0e27\u0e23\u0e40\u0e1b\u0e47\u0e19\u0e2b\u0e19\u0e49\u0e32\u0e41\u0e23\u0e01\u0e02\u0e2d\u0e07\u0e2a\u0e16\u0e32\u0e19\u0e35\u0e27\u0e34\u0e17\u0e22\u0e38\u0e17\u0e35\u0e48\u0e40\u0e1b\u0e34\u0e14\u0e40\u0e1c\u0e22\u0e15\u0e48\u0e2d\u0e2a\u0e32\u0e18\u0e32\u0e23\u0e13\u0e30\u0e44\u0e21\u0e48\u0e43\u0e0a\u0e48 URL \u0e02\u0e2d\u0e07 AzuraCast \u0e08\u0e30\u0e23\u0e27\u0e21\u0e2d\u0e22\u0e39\u0e48\u0e43\u0e19\u0e23\u0e32\u0e22\u0e25\u0e30\u0e40\u0e2d\u0e35\u0e22\u0e14\u0e01\u0e32\u0e23\u0e2d\u0e2d\u0e01\u0e2d\u0e32\u0e01\u0e32\u0e28",
        "Number of Backup Copies to Keep": "\u0e08\u0e33\u0e19\u0e27\u0e19\u0e01\u0e32\u0e23\u0e2a\u0e33\u0e23\u0e2d\u0e07\u0e02\u0e49\u0e2d\u0e21\u0e39\u0e25\u0e17\u0e35\u0e48\u0e04\u0e31\u0e14\u0e25\u0e2d\u0e01\u0e44\u0e1b\u0e40\u0e01\u0e47\u0e1a",
        "Number of seconds to overlap songs.": "\u0e08\u0e33\u0e19\u0e27\u0e19\u0e27\u0e34\u0e19\u0e32\u0e17\u0e35\u0e43\u0e19\u0e01\u0e32\u0e23\u0e0b\u0e49\u0e2d\u0e19\u0e40\u0e1e\u0e25\u0e07",
        "Optional: HTTP Basic Authentication Password": "\u0e15\u0e31\u0e27\u0e40\u0e25\u0e37\u0e2d\u0e01: \u0e23\u0e2b\u0e31\u0e2a\u0e1c\u0e48\u0e32\u0e19 HTTP \u0e15\u0e23\u0e27\u0e08\u0e2a\u0e2d\u0e1a\u0e2a\u0e34\u0e17\u0e18\u0e34\u0e4c\u0e1e\u0e37\u0e49\u0e19\u0e10\u0e32\u0e19",
        "Optional: HTTP Basic Authentication Username": "\u0e15\u0e31\u0e27\u0e40\u0e25\u0e37\u0e2d\u0e01: \u0e1e\u0e37\u0e49\u0e19\u0e10\u0e32\u0e19 HTTP \u0e23\u0e31\u0e1a\u0e23\u0e2d\u0e07\u0e04\u0e27\u0e32\u0e21\u0e16\u0e39\u0e01\u0e15\u0e49\u0e2d\u0e07\u0e0a\u0e37\u0e48\u0e2d\u0e1c\u0e39\u0e49\u0e43\u0e0a\u0e49",
        "Optionally select an ID3v2 metadata field that, if present, will be used to set this field's value.": "\u0e40\u0e25\u0e37\u0e2d\u0e01\u0e1f\u0e34\u0e25\u0e14\u0e4c\u0e02\u0e49\u0e2d\u0e21\u0e39\u0e25\u0e40\u0e21\u0e15\u0e32 ID3v2 \u0e0b\u0e36\u0e48\u0e07\u0e2b\u0e32\u0e01\u0e21\u0e35\u0e2d\u0e22\u0e39\u0e48\u0e08\u0e30\u0e16\u0e39\u0e01\u0e43\u0e0a\u0e49\u0e40\u0e1e\u0e37\u0e48\u0e2d\u0e15\u0e31\u0e49\u0e07\u0e04\u0e48\u0e32\u0e02\u0e2d\u0e07\u0e1f\u0e34\u0e25\u0e14\u0e4c\u0e19\u0e35\u0e49",
        "Optionally supply SSH public keys this user can use to connect instead of a password. Enter one key per line.": "\u0e40\u0e25\u0e37\u0e2d\u0e01\u0e43\u0e2a\u0e48\u0e04\u0e35\u0e22\u0e4c\u0e2a\u0e32\u0e18\u0e32\u0e23\u0e13\u0e30 SSH \u0e17\u0e35\u0e48\u0e1c\u0e39\u0e49\u0e43\u0e0a\u0e49\u0e19\u0e35\u0e49\u0e2a\u0e32\u0e21\u0e32\u0e23\u0e16\u0e43\u0e0a\u0e49\u0e40\u0e1e\u0e37\u0e48\u0e2d\u0e40\u0e0a\u0e37\u0e48\u0e2d\u0e21\u0e15\u0e48\u0e2d\u0e41\u0e17\u0e19\u0e23\u0e2b\u0e31\u0e2a\u0e1c\u0e48\u0e32\u0e19 \u0e1b\u0e49\u0e2d\u0e19\u0e2b\u0e19\u0e36\u0e48\u0e07\u0e04\u0e35\u0e22\u0e4c\u0e15\u0e48\u0e2d\u0e1a\u0e23\u0e23\u0e17\u0e31\u0e14",
        "Password": "\u30d1\u30b9\u30ef\u30fc\u30c9",
        "Programmatic Name": "\u0e0a\u0e37\u0e48\u0e2d\u0e42\u0e1b\u0e23\u0e41\u0e01\u0e23\u0e21",
        "Publish to \"Yellow Pages\" Directories": "\u0e40\u0e1c\u0e22\u0e41\u0e1e\u0e23\u0e48\u0e44\u0e1b\u0e22\u0e31\u0e07\u0e44\u0e14\u0e40\u0e23\u0e01\u0e17\u0e2d\u0e23\u0e35 \"\u0e2a\u0e21\u0e38\u0e14\u0e2b\u0e19\u0e49\u0e32\u0e40\u0e2b\u0e25\u0e37\u0e2d\u0e07\"",
        "Record Live Broadcasts": "\u0e1a\u0e31\u0e19\u0e17\u0e36\u0e01\u0e01\u0e32\u0e23\u0e16\u0e48\u0e32\u0e22\u0e17\u0e2d\u0e14\u0e2a\u0e14",
        "Relay Stream URL": "URL \u0e2a\u0e15\u0e23\u0e35\u0e21\u0e23\u0e35\u0e40\u0e25\u0e22\u0e4c",
        "Remote Station Administrator Password": "\u0e23\u0e2b\u0e31\u0e2a\u0e1c\u0e48\u0e32\u0e19\u0e1c\u0e39\u0e49\u0e14\u0e39\u0e41\u0e25\u0e2a\u0e16\u0e32\u0e19\u0e35\u0e23\u0e30\u0e22\u0e30\u0e44\u0e01\u0e25",
        "Remote Station Listening Mountpoint\/SID": "Mount Point\/ISD \u0e01\u0e32\u0e23\u0e1f\u0e31\u0e07\u0e2a\u0e16\u0e32\u0e19\u0e35\u0e23\u0e30\u0e22\u0e30\u0e44\u0e01\u0e25",
        "Remote Station Listening URL": "URL \u0e01\u0e32\u0e23\u0e1f\u0e31\u0e07\u0e2a\u0e16\u0e32\u0e19\u0e35\u0e23\u0e30\u0e22\u0e30\u0e44\u0e01\u0e25",
        "Remote Station Source Mountpoint\/SID": "Mountpoint\/SID \u0e02\u0e2d\u0e07\u0e41\u0e2b\u0e25\u0e48\u0e07\u0e17\u0e35\u0e48\u0e21\u0e32\u0e2a\u0e16\u0e32\u0e19\u0e35\u0e23\u0e30\u0e22\u0e30\u0e44\u0e01\u0e25",
        "Remote Station Source Password": "\u0e23\u0e2b\u0e31\u0e2a\u0e1c\u0e48\u0e32\u0e19\u0e02\u0e2d\u0e07\u0e41\u0e2b\u0e25\u0e48\u0e07\u0e17\u0e35\u0e48\u0e21\u0e32\u0e2a\u0e16\u0e32\u0e19\u0e35\u0e23\u0e30\u0e22\u0e30\u0e44\u0e01\u0e25",
        "Remote Station Source Port": "\u0e1e\u0e2d\u0e23\u0e4c\u0e15\u0e15\u0e49\u0e19\u0e17\u0e32\u0e07\u0e2a\u0e16\u0e32\u0e19\u0e35\u0e23\u0e30\u0e22\u0e30\u0e44\u0e01\u0e25",
        "Remote Station Source Username": "\u0e0a\u0e37\u0e48\u0e2d\u0e1c\u0e39\u0e49\u0e43\u0e0a\u0e49\u0e15\u0e49\u0e19\u0e17\u0e32\u0e07\u0e02\u0e2d\u0e07\u0e2a\u0e16\u0e32\u0e19\u0e35\u0e23\u0e30\u0e22\u0e30\u0e44\u0e01\u0e25",
        "Remote Station Type": "\u0e1b\u0e23\u0e30\u0e40\u0e20\u0e17\u0e2a\u0e16\u0e32\u0e19\u0e35\u0e23\u0e30\u0e22\u0e30\u0e44\u0e01\u0e25",
        "Request Last Played Threshold (Minutes)": "\u0e40\u0e01\u0e13\u0e11\u0e4c\u0e01\u0e32\u0e23\u0e02\u0e2d\u0e17\u0e35\u0e48\u0e40\u0e25\u0e48\u0e19\u0e25\u0e48\u0e32\u0e2a\u0e38\u0e14 (\u0e19\u0e32\u0e17\u0e35)",
        "Request Minimum Delay (Minutes)": "\u0e01\u0e32\u0e23\u0e2b\u0e19\u0e48\u0e27\u0e07\u0e40\u0e27\u0e25\u0e32\u0e43\u0e19\u0e02\u0e2d\u0e02\u0e31\u0e49\u0e19\u0e15\u0e48\u0e33 (\u0e19\u0e32\u0e17\u0e35)",
        "Role Name": "\u0e0a\u0e37\u0e48\u0e2d\u0e1a\u0e17\u0e1a\u0e32\u0e17",
        "Roles": "\u0e1a\u0e17\u0e1a\u0e32\u0e17",
        "Run Automatic Nightly Backups": "\u0e40\u0e23\u0e35\u0e22\u0e01\u0e43\u0e0a\u0e49\u0e01\u0e32\u0e23\u0e2a\u0e33\u0e23\u0e2d\u0e07\u0e02\u0e49\u0e2d\u0e21\u0e39\u0e25\u0e2d\u0e31\u0e15\u0e42\u0e19\u0e21\u0e31\u0e15\u0e34\u0e17\u0e38\u0e01\u0e04\u0e37\u0e19",
        "Run Manual Backup": "\u0e40\u0e23\u0e35\u0e22\u0e01\u0e43\u0e0a\u0e49\u0e01\u0e32\u0e23\u0e2a\u0e33\u0e23\u0e2d\u0e07\u0e02\u0e49\u0e2d\u0e21\u0e39\u0e25\u0e14\u0e49\u0e27\u0e22\u0e15\u0e19\u0e40\u0e2d\u0e07",
        "Saturday": "\u0e40\u0e2a\u0e32\u0e23\u0e4c",
        "Save Changes": "\u0e1a\u0e31\u0e19\u0e17\u0e36\u0e01",
        "Scheduled Backup Time": "\u0e01\u0e33\u0e2b\u0e19\u0e14\u0e40\u0e27\u0e25\u0e32\u0e2a\u0e33\u0e23\u0e2d\u0e07\u0e02\u0e49\u0e2d\u0e21\u0e39\u0e25",
        "Scheduled playlists and other timed items will be controlled by this time zone.": "\u0e40\u0e1e\u0e25\u0e22\u0e4c\u0e25\u0e34\u0e2a\u0e15\u0e4c\u0e17\u0e35\u0e48\u0e01\u0e33\u0e2b\u0e19\u0e14\u0e40\u0e27\u0e25\u0e32\u0e44\u0e27\u0e49\u0e41\u0e25\u0e30\u0e23\u0e32\u0e22\u0e01\u0e32\u0e23\u0e15\u0e32\u0e21\u0e01\u0e33\u0e2b\u0e19\u0e14\u0e40\u0e27\u0e25\u0e32\u0e2d\u0e37\u0e48\u0e19 \u0e46 \u0e08\u0e30\u0e16\u0e39\u0e01\u0e04\u0e27\u0e1a\u0e04\u0e38\u0e21\u0e42\u0e14\u0e22\u0e40\u0e02\u0e15\u0e40\u0e27\u0e25\u0e32\u0e19\u0e35\u0e49",
        "Select a theme to use as a base for station public pages and the login page.": "\u0e40\u0e25\u0e37\u0e2d\u0e01\u0e18\u0e35\u0e21\u0e40\u0e1e\u0e37\u0e48\u0e2d\u0e43\u0e0a\u0e49\u0e40\u0e1b\u0e47\u0e19\u0e18\u0e35\u0e21\u0e1e\u0e37\u0e49\u0e19\u0e10\u0e32\u0e19\u0e2a\u0e33\u0e2b\u0e23\u0e31\u0e1a\u0e2b\u0e19\u0e49\u0e32\u0e2a\u0e32\u0e18\u0e32\u0e23\u0e13\u0e30\u0e02\u0e2d\u0e07\u0e2a\u0e16\u0e32\u0e19\u0e35\u0e41\u0e25\u0e30\u0e2b\u0e19\u0e49\u0e32\u0e25\u0e47\u0e2d\u0e01\u0e2d\u0e34\u0e19",
        "Select File": "\u0e40\u0e25\u0e37\u0e2d\u0e01\u0e44\u0e1f\u0e25\u0e4c",
        "Set as Default Mount Point": "\u0e15\u0e31\u0e49\u0e07\u0e04\u0e48\u0e32\u0e40\u0e1b\u0e47\u0e19 Mount Point \u0e40\u0e23\u0e34\u0e48\u0e21\u0e15\u0e49\u0e19",
        "Show new releases within your update channel on the AzuraCast homepage.": "\u0e41\u0e2a\u0e14\u0e07\u0e40\u0e27\u0e2d\u0e23\u0e4c\u0e0a\u0e31\u0e48\u0e19\u0e43\u0e2b\u0e21\u0e48\u0e17\u0e35\u0e48\u0e2d\u0e22\u0e39\u0e48\u0e43\u0e19\u0e0a\u0e48\u0e2d\u0e07\u0e01\u0e32\u0e23\u0e2d\u0e31\u0e1b\u0e40\u0e14\u0e15\u0e02\u0e2d\u0e07\u0e04\u0e38\u0e13\u0e1a\u0e19\u0e2b\u0e19\u0e49\u0e32\u0e41\u0e23\u0e01\u0e02\u0e2d\u0e07 AzuraCast",
        "Show on Public Pages": "\u0e41\u0e2a\u0e14\u0e07\u0e1a\u0e19\u0e2b\u0e19\u0e49\u0e32\u0e2a\u0e32\u0e18\u0e32\u0e23\u0e13\u0e30",
        "Show the station in public pages and general API results.": "\u0e41\u0e2a\u0e14\u0e07\u0e2a\u0e16\u0e32\u0e19\u0e35\u0e43\u0e19\u0e2b\u0e19\u0e49\u0e32\u0e2a\u0e32\u0e18\u0e32\u0e23\u0e13\u0e30\u0e41\u0e25\u0e30\u0e1c\u0e25 API \u0e17\u0e31\u0e48\u0e27\u0e44\u0e1b",
        "Show Update Announcements": "\u0e41\u0e2a\u0e14\u0e07\u0e1b\u0e23\u0e30\u0e01\u0e32\u0e28\u0e01\u0e32\u0e23\u0e2d\u0e31\u0e1b\u0e40\u0e14\u0e15",
        "Song Artist": "\u0e28\u0e34\u0e25\u0e1b\u0e34\u0e19",
        "Song Title": "\u0e0a\u0e37\u0e48\u0e2d\u0e40\u0e1e\u0e25\u0e07",
        "SoundExchange Report": "\u0e23\u0e32\u0e22\u0e07\u0e32\u0e19 SoundExchange",
        "SSH Public Keys": "\u0e04\u0e35\u0e22\u0e4c\u0e2a\u0e32\u0e18\u0e32\u0e23\u0e13\u0e30 SSH",
        "Storage Location": "\u0e2a\u0e16\u0e32\u0e19\u0e17\u0e35\u0e48\u0e08\u0e31\u0e14\u0e40\u0e01\u0e47\u0e1a",
        "Sunday": "\u0e2d\u0e32\u0e17\u0e34\u0e15\u0e22\u0e4c",
        "System Settings": "\u0e01\u0e32\u0e23\u0e15\u0e31\u0e49\u0e07\u0e04\u0e48\u0e32\u0e23\u0e30\u0e1a\u0e1a",
        "The display name assigned to this mount point when viewing it on administrative or public pages. Leave blank to automatically generate one.": "\u0e0a\u0e37\u0e48\u0e2d\u0e17\u0e35\u0e48\u0e41\u0e2a\u0e14\u0e07\u0e17\u0e35\u0e48\u0e01\u0e33\u0e2b\u0e19\u0e14\u0e43\u0e2b\u0e49\u0e01\u0e31\u0e1a Mount Point \u0e19\u0e35\u0e49\u0e40\u0e21\u0e37\u0e48\u0e2d\u0e14\u0e39\u0e1a\u0e19\u0e40\u0e1e\u0e08\u0e2a\u0e33\u0e2b\u0e23\u0e31\u0e1a\u0e1c\u0e39\u0e49\u0e14\u0e39\u0e41\u0e25\u0e23\u0e30\u0e1a\u0e1a\u0e2b\u0e23\u0e37\u0e2d\u0e40\u0e1e\u0e08\u0e2a\u0e32\u0e18\u0e32\u0e23\u0e13\u0e30 \u0e40\u0e27\u0e49\u0e19\u0e27\u0e48\u0e32\u0e07\u0e44\u0e27\u0e49\u0e40\u0e1e\u0e37\u0e48\u0e2d\u0e2a\u0e23\u0e49\u0e32\u0e07\u0e42\u0e14\u0e22\u0e2d\u0e31\u0e15\u0e42\u0e19\u0e21\u0e31\u0e15\u0e34",
        "The display name assigned to this relay when viewing it on administrative or public pages. Leave blank to automatically generate one.": "\u0e0a\u0e37\u0e48\u0e2d\u0e17\u0e35\u0e48\u0e41\u0e2a\u0e14\u0e07\u0e17\u0e35\u0e48\u0e01\u0e33\u0e2b\u0e19\u0e14\u0e43\u0e2b\u0e49\u0e01\u0e31\u0e1a\u0e23\u0e35\u0e40\u0e25\u0e22\u0e4c\u0e19\u0e35\u0e49\u0e40\u0e21\u0e37\u0e48\u0e2d\u0e14\u0e39\u0e1a\u0e19\u0e2b\u0e19\u0e49\u0e32\u0e23\u0e30\u0e14\u0e31\u0e1a\u0e1c\u0e39\u0e49\u0e14\u0e39\u0e41\u0e25\u0e23\u0e30\u0e1a\u0e1a\u0e2b\u0e23\u0e37\u0e2d\u0e2b\u0e19\u0e49\u0e32\u0e2a\u0e32\u0e18\u0e32\u0e23\u0e13\u0e30 \u0e40\u0e27\u0e49\u0e19\u0e27\u0e48\u0e32\u0e07\u0e44\u0e27\u0e49\u0e40\u0e1e\u0e37\u0e48\u0e2d\u0e2a\u0e23\u0e49\u0e32\u0e07\u0e42\u0e14\u0e22\u0e2d\u0e31\u0e15\u0e42\u0e19\u0e21\u0e31\u0e15\u0e34",
        "The parent directory where station playlist and configuration files are stored. Leave blank to use default directory.": "\u0e44\u0e14\u0e40\u0e23\u0e47\u0e01\u0e17\u0e2d\u0e23\u0e35\u0e2b\u0e25\u0e31\u0e01\u0e17\u0e35\u0e48\u0e40\u0e01\u0e47\u0e1a\u0e23\u0e32\u0e22\u0e01\u0e32\u0e23\u0e40\u0e1e\u0e25\u0e07\u0e02\u0e2d\u0e07\u0e2a\u0e16\u0e32\u0e19\u0e35\u0e41\u0e25\u0e30\u0e01\u0e32\u0e23\u0e15\u0e31\u0e49\u0e07\u0e04\u0e48\u0e32\u0e44\u0e1f\u0e25\u0e4c\u0e17\u0e35\u0e48\u0e40\u0e01\u0e47\u0e1a\u0e44\u0e27\u0e49 \u0e40\u0e27\u0e49\u0e19\u0e27\u0e48\u0e32\u0e07\u0e44\u0e27\u0e49\u0e40\u0e1e\u0e37\u0e48\u0e2d\u0e43\u0e0a\u0e49\u0e44\u0e14\u0e40\u0e23\u0e47\u0e01\u0e17\u0e2d\u0e23\u0e35\u0e40\u0e23\u0e34\u0e48\u0e21\u0e15\u0e49\u0e19",
        "The URL that will receive the POST messages any time an event is triggered.": "URL \u0e17\u0e35\u0e48\u0e08\u0e30\u0e23\u0e31\u0e1a\u0e02\u0e49\u0e2d\u0e04\u0e27\u0e32\u0e21 POST \u0e17\u0e38\u0e01\u0e04\u0e23\u0e31\u0e49\u0e07\u0e17\u0e35\u0e48\u0e21\u0e35\u0e01\u0e32\u0e23\u0e17\u0e23\u0e34\u0e01\u0e40\u0e01\u0e2d\u0e23\u0e4c\u0e40\u0e2b\u0e15\u0e38\u0e01\u0e32\u0e23\u0e13\u0e4c",
        "This CSS will be applied to the main management pages, like this one.": "CSS \u0e19\u0e35\u0e49\u0e08\u0e30\u0e19\u0e33\u0e44\u0e1b\u0e43\u0e0a\u0e49\u0e01\u0e31\u0e1a\u0e2b\u0e19\u0e49\u0e32\u0e01\u0e32\u0e23\u0e08\u0e31\u0e14\u0e01\u0e32\u0e23\u0e2b\u0e25\u0e31\u0e01 \u0e40\u0e0a\u0e48\u0e19\u0e2b\u0e19\u0e49\u0e32\u0e19\u0e35\u0e49",
        "This CSS will be applied to the station public pages and login page.": "CSS \u0e19\u0e35\u0e49\u0e08\u0e30\u0e19\u0e33\u0e44\u0e1b\u0e43\u0e0a\u0e49\u0e01\u0e31\u0e1a\u0e2b\u0e19\u0e49\u0e32\u0e2a\u0e32\u0e18\u0e32\u0e23\u0e13\u0e30\u0e02\u0e2d\u0e07\u0e2a\u0e16\u0e32\u0e19\u0e35\u0e41\u0e25\u0e30\u0e2b\u0e19\u0e49\u0e32\u0e25\u0e47\u0e2d\u0e01\u0e2d\u0e34\u0e19",
        "This javascript code will be applied to the station public pages and login page.": "\u0e23\u0e2b\u0e31\u0e2a\u0e08\u0e32\u0e27\u0e32\u0e2a\u0e04\u0e23\u0e34\u0e1b\u0e15\u0e4c\u0e19\u0e35\u0e49\u0e08\u0e30\u0e16\u0e39\u0e01\u0e19\u0e33\u0e44\u0e1b\u0e43\u0e0a\u0e49\u0e01\u0e31\u0e1a\u0e2b\u0e19\u0e49\u0e32\u0e2a\u0e32\u0e18\u0e32\u0e23\u0e13\u0e30\u0e02\u0e2d\u0e07\u0e2a\u0e16\u0e32\u0e19\u0e35\u0e41\u0e25\u0e30\u0e2b\u0e19\u0e49\u0e32\u0e25\u0e47\u0e2d\u0e01\u0e2d\u0e34\u0e19",
        "This name should always begin with a slash (\/), and must be a valid URL, such as \/autodj.mp3": "\u0e0a\u0e37\u0e48\u0e2d\u0e19\u0e35\u0e49\u0e04\u0e27\u0e23\u0e02\u0e36\u0e49\u0e19\u0e15\u0e49\u0e19\u0e14\u0e49\u0e27\u0e22\u0e40\u0e04\u0e23\u0e37\u0e48\u0e2d\u0e07\u0e2b\u0e21\u0e32\u0e22\u0e17\u0e31\u0e1a (\/) \u0e40\u0e2a\u0e21\u0e2d\u0e41\u0e25\u0e30\u0e15\u0e49\u0e2d\u0e07\u0e40\u0e1b\u0e47\u0e19 URL \u0e17\u0e35\u0e48\u0e16\u0e39\u0e01\u0e15\u0e49\u0e2d\u0e07\u0e40\u0e0a\u0e48\u0e19 \/autodj.mp3",
        "This will be used as the label when editing individual songs, and will show in API results.": "\u0e2a\u0e34\u0e48\u0e07\u0e19\u0e35\u0e49\u0e08\u0e30\u0e43\u0e0a\u0e49\u0e40\u0e1b\u0e47\u0e19\u0e1b\u0e49\u0e32\u0e22\u0e01\u0e33\u0e01\u0e31\u0e1a\u0e40\u0e21\u0e37\u0e48\u0e2d\u0e41\u0e01\u0e49\u0e44\u0e02\u0e41\u0e15\u0e48\u0e25\u0e30\u0e40\u0e1e\u0e25\u0e07\u0e41\u0e25\u0e30\u0e08\u0e30\u0e41\u0e2a\u0e14\u0e07\u0e43\u0e19\u0e1c\u0e25\u0e25\u0e31\u0e1e\u0e18\u0e4c\u0e02\u0e2d\u0e07 API",
        "This will produce a significantly smaller backup, but you should make sure to back up your media elsewhere. Note that only locally stored media will be backed up.": "\u0e01\u0e32\u0e23\u0e14\u0e33\u0e40\u0e19\u0e34\u0e19\u0e01\u0e32\u0e23\u0e19\u0e35\u0e49\u0e08\u0e30\u0e17\u0e33\u0e43\u0e2b\u0e49\u0e40\u0e01\u0e34\u0e14\u0e01\u0e32\u0e23\u0e2a\u0e33\u0e23\u0e2d\u0e07\u0e02\u0e49\u0e2d\u0e21\u0e39\u0e25\u0e17\u0e35\u0e48\u0e19\u0e49\u0e2d\u0e22\u0e25\u0e07\u0e2d\u0e22\u0e48\u0e32\u0e07\u0e21\u0e32\u0e01 \u0e41\u0e15\u0e48\u0e04\u0e38\u0e13\u0e04\u0e27\u0e23\u0e2a\u0e33\u0e23\u0e2d\u0e07\u0e02\u0e49\u0e2d\u0e21\u0e39\u0e25\u0e2a\u0e37\u0e48\u0e2d\u0e02\u0e2d\u0e07\u0e04\u0e38\u0e13\u0e44\u0e27\u0e49\u0e17\u0e35\u0e48\u0e2d\u0e37\u0e48\u0e19 \u0e42\u0e1b\u0e23\u0e14\u0e17\u0e23\u0e32\u0e1a\u0e27\u0e48\u0e32\u0e08\u0e30\u0e2a\u0e33\u0e23\u0e2d\u0e07\u0e40\u0e09\u0e1e\u0e32\u0e30\u0e2a\u0e37\u0e48\u0e2d\u0e17\u0e35\u0e48\u0e08\u0e31\u0e14\u0e40\u0e01\u0e47\u0e1a\u0e44\u0e27\u0e49\u0e43\u0e19\u0e40\u0e04\u0e23\u0e37\u0e48\u0e2d\u0e07\u0e40\u0e17\u0e48\u0e32\u0e19\u0e31\u0e49\u0e19",
        "Thursday": "\u0e1e\u0e24\u0e2b\u0e31\u0e2a\u0e1a\u0e14\u0e35",
        "Time Zone": "\u0e40\u0e02\u0e15\u0e40\u0e27\u0e25\u0e32",
        "Title": "\u0e0a\u0e37\u0e48\u0e2d\u0e40\u0e23\u0e37\u0e48\u0e2d\u0e07",
        "To retrieve detailed unique listeners and client details, an administrator password is often required.": "\u0e43\u0e19\u0e01\u0e32\u0e23\u0e14\u0e36\u0e07\u0e02\u0e49\u0e2d\u0e21\u0e39\u0e25\u0e1c\u0e39\u0e49\u0e1f\u0e31\u0e07\u0e41\u0e25\u0e30\u0e23\u0e32\u0e22\u0e25\u0e30\u0e40\u0e2d\u0e35\u0e22\u0e14\u0e44\u0e04\u0e25\u0e40\u0e2d\u0e19\u0e15\u0e4c\u0e17\u0e35\u0e48\u0e44\u0e21\u0e48\u0e0b\u0e49\u0e33\u0e01\u0e31\u0e19\u0e42\u0e14\u0e22\u0e25\u0e30\u0e40\u0e2d\u0e35\u0e22\u0e14\u0e21\u0e31\u0e01\u0e15\u0e49\u0e2d\u0e07\u0e43\u0e0a\u0e49\u0e23\u0e2b\u0e31\u0e2a\u0e1c\u0e48\u0e32\u0e19\u0e1c\u0e39\u0e49\u0e14\u0e39\u0e41\u0e25\u0e23\u0e30\u0e1a\u0e1a",
        "Tuesday": "\u0e2d\u0e31\u0e07\u0e04\u0e32\u0e23",
        "URL Stub": "\u0e02\u0e2d\u0e07 URL \u0e41\u0e1a\u0e1a\u0e2a\u0e31\u0e49\u0e19",
        "Username": "\u30e6\u30fc\u30b6\u30fc\u540d",
        "Users": "\u30e6\u30fc\u30b6\u30fc",
        "Web Hook Details": "\u0e23\u0e32\u0e22\u0e25\u0e30\u0e40\u0e2d\u0e35\u0e22\u0e14 Webhook",
        "Web Hook Name": "\u0e0a\u0e37\u0e48\u0e2d Webhook",
        "Web Hook Triggers": "\u0e17\u0e23\u0e34\u0e01\u0e40\u0e01\u0e2d\u0e23\u0e4c Webhook",
        "Web Hook URL": "URL \u0e02\u0e2d\u0e07 Webhook",
        "Web Site URL": "URL \u0e02\u0e2d\u0e07\u0e40\u0e27\u0e47\u0e1a\u0e44\u0e0b\u0e15\u0e4c",
        "Wednesday": "\u0e1e\u0e38\u0e18",
        "Yes": "\u306f\u3044",
        "YP Directory Authorization Hash": "\u0e41\u0e2e\u0e0a\u0e01\u0e32\u0e23\u0e2d\u0e19\u0e38\u0e0d\u0e32\u0e15\u0e44\u0e14\u0e40\u0e23\u0e01\u0e17\u0e2d\u0e23\u0e35 YP",
        "Select...": "\u0e40\u0e25\u0e37\u0e2d\u0e01...",
        "Too many login attempts": "\u0e1e\u0e22\u0e32\u0e22\u0e32\u0e21\u0e40\u0e02\u0e49\u0e32\u0e2a\u0e39\u0e48\u0e23\u0e30\u0e1a\u0e1a\u0e21\u0e32\u0e01\u0e40\u0e01\u0e34\u0e19\u0e44\u0e1b",
        "You have attempted to log in too many times. Please wait 30 seconds and try again.": "\u0e04\u0e38\u0e13\u0e1e\u0e22\u0e32\u0e22\u0e32\u0e21\u0e40\u0e02\u0e49\u0e32\u0e2a\u0e39\u0e48\u0e23\u0e30\u0e1a\u0e1a\u0e2b\u0e25\u0e32\u0e22\u0e04\u0e23\u0e31\u0e49\u0e07\u0e40\u0e01\u0e34\u0e19\u0e44\u0e1b \u0e01\u0e23\u0e38\u0e13\u0e32\u0e23\u0e2d 30 \u0e27\u0e34\u0e19\u0e32\u0e17\u0e35\u0e41\u0e25\u0e49\u0e27\u0e25\u0e2d\u0e07\u0e2d\u0e35\u0e01\u0e04\u0e23\u0e31\u0e49\u0e07",
        "Logged in successfully.": "\u0e40\u0e02\u0e49\u0e32\u0e2a\u0e39\u0e48\u0e23\u0e30\u0e1a\u0e1a\u0e2a\u0e33\u0e40\u0e23\u0e47\u0e08",
        "Complete the setup process to get started.": "\u0e14\u0e33\u0e40\u0e19\u0e34\u0e19\u0e02\u0e31\u0e49\u0e19\u0e15\u0e2d\u0e19\u0e01\u0e32\u0e23\u0e15\u0e31\u0e49\u0e07\u0e04\u0e48\u0e32\u0e43\u0e2b\u0e49\u0e40\u0e2a\u0e23\u0e47\u0e08\u0e2a\u0e21\u0e1a\u0e39\u0e23\u0e13\u0e4c\u0e40\u0e1e\u0e37\u0e48\u0e2d\u0e40\u0e23\u0e34\u0e48\u0e21\u0e15\u0e49\u0e19",
        "Login unsuccessful": "\u0e40\u0e02\u0e49\u0e32\u0e2a\u0e39\u0e48\u0e23\u0e30\u0e1a\u0e1a\u0e44\u0e21\u0e48\u0e2a\u0e33\u0e40\u0e23\u0e47\u0e08",
        "Your credentials could not be verified.": "\u0e44\u0e21\u0e48\u0e2a\u0e32\u0e21\u0e32\u0e23\u0e16\u0e22\u0e37\u0e19\u0e22\u0e31\u0e19\u0e02\u0e49\u0e2d\u0e21\u0e39\u0e25\u0e23\u0e31\u0e1a\u0e23\u0e2d\u0e07\u0e02\u0e2d\u0e07\u0e04\u0e38\u0e13\u0e44\u0e14\u0e49",
        "User not found.": "\u0e44\u0e21\u0e48\u0e1e\u0e1a\u0e1c\u0e39\u0e49\u0e43\u0e0a\u0e49",
        "Setup has already been completed!": "\u0e01\u0e32\u0e23\u0e15\u0e31\u0e49\u0e07\u0e04\u0e48\u0e32\u0e40\u0e2a\u0e23\u0e47\u0e08\u0e40\u0e23\u0e35\u0e22\u0e1a\u0e23\u0e49\u0e2d\u0e22!",
        "All Stations": "\u0e17\u0e38\u0e01\u0e2a\u0e16\u0e32\u0e19\u0e35",
        "AzuraCast Application Log": "\u0e1a\u0e31\u0e19\u0e17\u0e36\u0e01\u0e41\u0e2d\u0e1b\u0e1e\u0e25\u0e34\u0e40\u0e04\u0e0a\u0e31\u0e19 AzuraCast",
        "Nginx Access Log": "\u0e1a\u0e31\u0e19\u0e17\u0e36\u0e01\u0e01\u0e32\u0e23\u0e40\u0e02\u0e49\u0e32\u0e16\u0e36\u0e07 Nginx",
        "Nginx Error Log": "\u0e1a\u0e31\u0e19\u0e17\u0e36\u0e01\u0e02\u0e49\u0e2d\u0e1c\u0e34\u0e14\u0e1e\u0e25\u0e32\u0e14 Nginx",
        "PHP Application Log": "\u0e1a\u0e31\u0e19\u0e17\u0e36\u0e01\u0e41\u0e2d\u0e1b\u0e1e\u0e25\u0e34\u0e40\u0e04\u0e0a\u0e31\u0e19 PHP",
        "Supervisord Log": "\u0e1a\u0e31\u0e19\u0e17\u0e36\u0e01\u0e2b\u0e31\u0e27\u0e2b\u0e19\u0e49\u0e32\u0e07\u0e32\u0e19",
        "Create a new storage location based on the base directory.": "\u0e2a\u0e23\u0e49\u0e32\u0e07\u0e17\u0e35\u0e48\u0e40\u0e01\u0e47\u0e1a\u0e02\u0e49\u0e2d\u0e21\u0e39\u0e25\u0e43\u0e2b\u0e21\u0e48\u0e15\u0e32\u0e21\u0e44\u0e14\u0e40\u0e23\u0e47\u0e01\u0e17\u0e2d\u0e23\u0e35\u0e2b\u0e25\u0e31\u0e01",
        "You cannot remove yourself.": "\u0e04\u0e38\u0e13\u0e44\u0e21\u0e48\u0e2a\u0e32\u0e21\u0e32\u0e23\u0e16\u0e25\u0e1a\u0e15\u0e31\u0e27\u0e04\u0e38\u0e13\u0e40\u0e2d\u0e07\u0e44\u0e14\u0e49",
        "No directory specified": "\u0e44\u0e21\u0e48\u0e21\u0e35\u0e44\u0e14\u0e40\u0e23\u0e01\u0e17\u0e2d\u0e23\u0e35\u0e17\u0e35\u0e48\u0e23\u0e30\u0e1a\u0e38",
        "File not specified.": "\u0e44\u0e21\u0e48\u0e44\u0e14\u0e49\u0e23\u0e30\u0e1a\u0e38\u0e44\u0e1f\u0e25\u0e4c",
        "New path not specified.": "\u0e44\u0e21\u0e48\u0e44\u0e14\u0e49\u0e23\u0e30\u0e1a\u0e38\u0e40\u0e2a\u0e49\u0e19\u0e17\u0e32\u0e07\u0e43\u0e2b\u0e21\u0e48",
        "This station is out of available storage space.": "\u0e2a\u0e16\u0e32\u0e19\u0e35\u0e19\u0e35\u0e49\u0e44\u0e21\u0e48\u0e21\u0e35\u0e1e\u0e37\u0e49\u0e19\u0e17\u0e35\u0e48\u0e40\u0e01\u0e47\u0e1a\u0e02\u0e49\u0e2d\u0e21\u0e39\u0e25\u0e40\u0e2b\u0e25\u0e37\u0e2d\u0e2d\u0e22\u0e39\u0e48",
        "Web hook enabled.": "\u0e40\u0e1b\u0e34\u0e14\u0e43\u0e0a\u0e49\u0e07\u0e32\u0e19 Web Hook",
        "Station restarted.": "\u0e23\u0e35\u0e2a\u0e15\u0e32\u0e23\u0e4c\u0e17\u0e2a\u0e16\u0e32\u0e19\u0e35",
        "Song skipped.": "\u0e02\u0e49\u0e32\u0e21\u0e40\u0e1e\u0e25\u0e07",
        "Streamer disconnected.": "\u0e15\u0e31\u0e14\u0e01\u0e32\u0e23\u0e40\u0e0a\u0e37\u0e48\u0e2d\u0e21\u0e15\u0e48\u0e2d\u0e2a\u0e15\u0e23\u0e35\u0e21\u0e40\u0e21\u0e2d\u0e23\u0e4c\u0e41\u0e25\u0e49\u0e27",
        "Liquidsoap Log": "\u0e1a\u0e31\u0e19\u0e17\u0e36\u0e01 Liquidsoap",
        "Liquidsoap Configuration": "\u0e01\u0e33\u0e2b\u0e19\u0e14\u0e04\u0e48\u0e32 Liquidsoap",
        "Icecast Access Log": "\u0e1a\u0e31\u0e19\u0e17\u0e36\u0e01\u0e01\u0e32\u0e23\u0e40\u0e02\u0e49\u0e32\u0e16\u0e36\u0e07 Icecast",
        "Icecast Error Log": "\u0e1a\u0e31\u0e19\u0e17\u0e36\u0e01\u0e02\u0e49\u0e2d\u0e1c\u0e34\u0e14\u0e1e\u0e25\u0e32\u0e14 Icecast",
        "Icecast Configuration": "\u0e01\u0e33\u0e2b\u0e19\u0e14\u0e04\u0e48\u0e32 Icecast",
        "Search engine crawlers are not permitted to use this feature.": "\u0e42\u0e1b\u0e23\u0e41\u0e01\u0e23\u0e21\u0e23\u0e27\u0e1a\u0e23\u0e27\u0e21\u0e02\u0e49\u0e2d\u0e21\u0e39\u0e25\u0e02\u0e2d\u0e07\u0e40\u0e04\u0e23\u0e37\u0e48\u0e2d\u0e07\u0e21\u0e37\u0e2d\u0e04\u0e49\u0e19\u0e2b\u0e32\u0e44\u0e21\u0e48\u0e44\u0e14\u0e49\u0e23\u0e31\u0e1a\u0e2d\u0e19\u0e38\u0e0d\u0e32\u0e15\u0e43\u0e2b\u0e49\u0e43\u0e0a\u0e49\u0e04\u0e38\u0e13\u0e25\u0e31\u0e01\u0e29\u0e13\u0e30\u0e19\u0e35\u0e49",
        "This song or artist has been played too recently. Wait a while before requesting it again.": "\u0e40\u0e1e\u0e25\u0e07\u0e2b\u0e23\u0e37\u0e2d\u0e28\u0e34\u0e25\u0e1b\u0e34\u0e19\u0e19\u0e35\u0e49\u0e16\u0e39\u0e01\u0e40\u0e25\u0e48\u0e19\u0e40\u0e21\u0e37\u0e48\u0e2d\u0e40\u0e23\u0e47\u0e27 \u0e46 \u0e19\u0e35\u0e49\u0e21\u0e32\u0e01\u0e40\u0e01\u0e34\u0e19\u0e44\u0e1b \u0e23\u0e2d\u0e2a\u0e31\u0e01\u0e04\u0e23\u0e39\u0e48\u0e01\u0e48\u0e2d\u0e19\u0e17\u0e35\u0e48\u0e08\u0e30\u0e02\u0e2d\u0e2d\u0e35\u0e01\u0e04\u0e23\u0e31\u0e49\u0e07",
        "You have submitted a request too recently! Please wait before submitting another one.": "\u0e04\u0e38\u0e13\u0e2a\u0e48\u0e07\u0e04\u0e33\u0e02\u0e2d\u0e21\u0e32\u0e40\u0e23\u0e47\u0e27\u0e40\u0e01\u0e34\u0e19\u0e44\u0e1b! \u0e01\u0e23\u0e38\u0e13\u0e32\u0e23\u0e2d\u0e2a\u0e31\u0e01\u0e04\u0e23\u0e39\u0e48\u0e01\u0e48\u0e2d\u0e19\u0e17\u0e35\u0e48\u0e08\u0e30\u0e2a\u0e48\u0e07\u0e23\u0e32\u0e22\u0e01\u0e32\u0e23\u0e2d\u0e37\u0e48\u0e19",
        "This playlist is not a sequential playlist.": "\u0e23\u0e32\u0e22\u0e01\u0e32\u0e23\u0e40\u0e1e\u0e25\u0e07\u0e19\u0e35\u0e49\u0e44\u0e21\u0e48\u0e44\u0e14\u0e49\u0e40\u0e1b\u0e47\u0e19\u0e23\u0e32\u0e22\u0e01\u0e32\u0e23\u0e17\u0e35\u0e48\u0e08\u0e30\u0e40\u0e25\u0e48\u0e19\u0e15\u0e32\u0e21\u0e25\u0e33\u0e14\u0e31\u0e1a",
        "Playlist reshuffled.": "\u0e2a\u0e31\u0e1a\u0e40\u0e1b\u0e25\u0e35\u0e48\u0e22\u0e19\u0e40\u0e1e\u0e25\u0e22\u0e4c\u0e25\u0e34\u0e2a\u0e15\u0e4c",
        "Playlist enabled.": "\u0e40\u0e1b\u0e34\u0e14\u0e43\u0e0a\u0e49\u0e07\u0e32\u0e19\u0e40\u0e1e\u0e25\u0e22\u0e4c\u0e25\u0e34\u0e2a\u0e15\u0e4c",
        "Playlist disabled.": "\u0e1b\u0e34\u0e14\u0e43\u0e0a\u0e49\u0e07\u0e32\u0e19\u0e40\u0e1e\u0e25\u0e22\u0e4c\u0e25\u0e34\u0e2a\u0e15\u0e4c",
        "Playlist successfully imported; %d of %d files were successfully matched.": "\u0e19\u0e33\u0e40\u0e02\u0e49\u0e32\u0e40\u0e1e\u0e25\u0e22\u0e4c\u0e25\u0e34\u0e2a\u0e15\u0e4c\u0e2a\u0e33\u0e40\u0e23\u0e47\u0e08; %d \u0e08\u0e32\u0e01 %d \u0e44\u0e1f\u0e25\u0e4c\u0e16\u0e39\u0e01\u0e08\u0e31\u0e1a\u0e04\u0e39\u0e48\u0e2a\u0e33\u0e40\u0e23\u0e47\u0e08",
        "No recording available.": "\u0e44\u0e21\u0e48\u0e21\u0e35\u0e1a\u0e31\u0e19\u0e17\u0e36\u0e01\u0e17\u0e35\u0e48\u0e21\u0e35\u0e2d\u0e22\u0e39\u0e48",
        "Changes saved successfully.": "\u0e1a\u0e31\u0e19\u0e17\u0e36\u0e01\u0e01\u0e32\u0e23\u0e40\u0e1b\u0e25\u0e35\u0e48\u0e22\u0e19\u0e41\u0e1b\u0e25\u0e07\u0e40\u0e23\u0e35\u0e22\u0e1a\u0e23\u0e49\u0e2d\u0e22\u0e41\u0e25\u0e49\u0e27",
        "Record deleted successfully.": "\u0e25\u0e1a\u0e1a\u0e31\u0e19\u0e17\u0e36\u0e01\u0e40\u0e23\u0e35\u0e22\u0e1a\u0e23\u0e49\u0e2d\u0e22\u0e41\u0e25\u0e49\u0e27",
        "The account associated with e-mail address \"%s\" has been set as an administrator": "\u0e1a\u0e31\u0e0d\u0e0a\u0e35\u0e17\u0e35\u0e48\u0e40\u0e0a\u0e37\u0e48\u0e2d\u0e21\u0e42\u0e22\u0e07\u0e01\u0e31\u0e1a\u0e17\u0e35\u0e48\u0e2d\u0e22\u0e39\u0e48\u0e2d\u0e35\u0e40\u0e21\u0e25 \"%s\" \u0e44\u0e14\u0e49\u0e23\u0e31\u0e1a\u0e01\u0e32\u0e23\u0e15\u0e31\u0e49\u0e07\u0e04\u0e48\u0e32\u0e43\u0e2b\u0e49\u0e40\u0e1b\u0e47\u0e19\u0e1c\u0e39\u0e49\u0e14\u0e39\u0e41\u0e25\u0e23\u0e30\u0e1a\u0e1a",
        "Account not found.": "\u0e44\u0e21\u0e48\u0e1e\u0e1a\u0e1a\u0e31\u0e0d\u0e0a\u0e35",
        "AzuraCast Settings": "\u0e15\u0e31\u0e49\u0e07\u0e04\u0e48\u0e32 AzuraCast",
        "Setting Key": "\u0e15\u0e31\u0e49\u0e07\u0e04\u0e48\u0e32\u0e04\u0e35\u0e22\u0e4c",
        "Setting Value": "\u0e15\u0e31\u0e49\u0e07\u0e04\u0e48\u0e32\u0e04\u0e48\u0e32",
        "Fixtures loaded.": "\u0e42\u0e2b\u0e25\u0e14\u0e02\u0e49\u0e2d\u0e21\u0e39\u0e25\u0e41\u0e1a\u0e1a\u0e04\u0e07\u0e17\u0e35\u0e48",
        "AzuraCast Backup": "\u0e2a\u0e33\u0e23\u0e2d\u0e07\u0e02\u0e49\u0e2d\u0e21\u0e39\u0e25 AzuraCast",
        "Please wait while a backup is generated...": "\u0e01\u0e23\u0e38\u0e13\u0e32\u0e23\u0e2d\u0e2a\u0e31\u0e01\u0e04\u0e23\u0e39\u0e48\u0e43\u0e19\u0e02\u0e13\u0e30\u0e17\u0e35\u0e48\u0e17\u0e33\u0e01\u0e32\u0e23\u0e2a\u0e33\u0e23\u0e2d\u0e07\u0e02\u0e49\u0e2d\u0e21\u0e39\u0e25...",
        "Creating temporary directories...": "\u0e2a\u0e23\u0e49\u0e32\u0e07\u0e44\u0e14\u0e40\u0e23\u0e01\u0e17\u0e2d\u0e23\u0e35\u0e0a\u0e31\u0e48\u0e27\u0e04\u0e23\u0e32\u0e27...",
        "Backing up MariaDB...": "\u0e2a\u0e33\u0e23\u0e2d\u0e07\u0e02\u0e49\u0e2d\u0e21\u0e39\u0e25 MariaDB...",
        "Creating backup archive...": "\u0e01\u0e33\u0e25\u0e31\u0e07\u0e2a\u0e23\u0e49\u0e32\u0e07\u0e17\u0e35\u0e48\u0e40\u0e01\u0e47\u0e1a\u0e02\u0e49\u0e2d\u0e21\u0e39\u0e25\u0e2a\u0e33\u0e23\u0e2d\u0e07...",
        "Cleaning up temporary files...": "\u0e17\u0e33\u0e04\u0e27\u0e32\u0e21\u0e2a\u0e30\u0e2d\u0e32\u0e14\u0e44\u0e1f\u0e25\u0e4c\u0e0a\u0e31\u0e48\u0e27\u0e04\u0e23\u0e32\u0e27...",
        "Backup complete in %.2f seconds.": "\u0e2a\u0e33\u0e23\u0e2d\u0e07\u0e02\u0e49\u0e2d\u0e21\u0e39\u0e25\u0e40\u0e2a\u0e23\u0e47\u0e08\u0e2a\u0e21\u0e1a\u0e39\u0e23\u0e13\u0e4c\u0e43\u0e19 %.2f \u0e27\u0e34\u0e19\u0e32\u0e17\u0e35",
        "Backup path %s not found!": "\u0e44\u0e21\u0e48\u0e1e\u0e1a\u0e40\u0e2a\u0e49\u0e19\u0e17\u0e32\u0e07\u0e2a\u0e33\u0e23\u0e2d\u0e07\u0e02\u0e49\u0e2d\u0e21\u0e39\u0e25 %s!",
        "Imported locale: %s": "\u0e2a\u0e16\u0e32\u0e19\u0e17\u0e35\u0e48\u0e19\u0e33\u0e40\u0e02\u0e49\u0e32: %s",
        "AzuraCast Setup": "\u0e15\u0e31\u0e49\u0e07\u0e04\u0e48\u0e32 AzuraCast",
        "Welcome to AzuraCast. Please wait while some key dependencies of AzuraCast are set up...": "\u0e22\u0e34\u0e19\u0e14\u0e35\u0e15\u0e49\u0e2d\u0e19\u0e23\u0e31\u0e1a\u0e2a\u0e39\u0e48 AzuraCast \u0e42\u0e1b\u0e23\u0e14\u0e23\u0e2d\u0e2a\u0e31\u0e01\u0e04\u0e23\u0e39\u0e48\u0e43\u0e19\u0e02\u0e13\u0e30\u0e17\u0e35\u0e48\u0e01\u0e32\u0e23\u0e2d\u0e49\u0e32\u0e07\u0e2d\u0e34\u0e07\u0e04\u0e35\u0e22\u0e4c\u0e02\u0e2d\u0e07 AzuraCast \u0e16\u0e39\u0e01\u0e15\u0e31\u0e49\u0e07\u0e04\u0e48\u0e32...",
        "Running Database Migrations": "\u0e01\u0e33\u0e25\u0e31\u0e07\u0e40\u0e23\u0e35\u0e22\u0e01\u0e43\u0e0a\u0e49\u0e01\u0e32\u0e23\u0e22\u0e49\u0e32\u0e22\u0e10\u0e32\u0e19\u0e02\u0e49\u0e2d\u0e21\u0e39\u0e25",
        "Generating Database Proxy Classes": "\u0e01\u0e32\u0e23\u0e2a\u0e23\u0e49\u0e32\u0e07\u0e04\u0e25\u0e32\u0e2a\u0e1e\u0e23\u0e47\u0e2d\u0e01\u0e0b\u0e35\u0e10\u0e32\u0e19\u0e02\u0e49\u0e2d\u0e21\u0e39\u0e25",
        "Reload System Data": "\u0e42\u0e2b\u0e25\u0e14\u0e02\u0e49\u0e2d\u0e21\u0e39\u0e25\u0e23\u0e30\u0e1a\u0e1a\u0e43\u0e2b\u0e21\u0e48",
        "Installing Data Fixtures": "\u0e15\u0e34\u0e14\u0e15\u0e31\u0e49\u0e07\u0e02\u0e49\u0e2d\u0e21\u0e39\u0e25\u0e41\u0e1a\u0e1a\u0e04\u0e07\u0e17\u0e35\u0e48",
        "Refreshing All Stations": "\u0e23\u0e35\u0e40\u0e1f\u0e23\u0e0a\u0e17\u0e38\u0e01\u0e2a\u0e16\u0e32\u0e19\u0e35",
        "AzuraCast is now updated to the latest version!": "AzuraCast \u0e44\u0e14\u0e49\u0e23\u0e31\u0e1a\u0e01\u0e32\u0e23\u0e2d\u0e31\u0e1b\u0e40\u0e14\u0e15\u0e40\u0e1b\u0e47\u0e19\u0e40\u0e27\u0e2d\u0e23\u0e4c\u0e0a\u0e31\u0e19\u0e25\u0e48\u0e32\u0e2a\u0e38\u0e14\u0e41\u0e25\u0e49\u0e27!",
        "AzuraCast installation complete!": "\u0e01\u0e32\u0e23\u0e15\u0e34\u0e14\u0e15\u0e31\u0e49\u0e07 AzuraCast \u0e40\u0e2a\u0e23\u0e47\u0e08\u0e2a\u0e21\u0e1a\u0e39\u0e23\u0e13\u0e4c!",
        "Visit %s to complete setup.": "\u0e44\u0e1b\u0e17\u0e35\u0e48 %s \u0e40\u0e1e\u0e37\u0e48\u0e2d\u0e15\u0e31\u0e49\u0e07\u0e04\u0e48\u0e32\u0e43\u0e2b\u0e49\u0e40\u0e2a\u0e23\u0e47\u0e08\u0e2a\u0e21\u0e1a\u0e39\u0e23\u0e13\u0e4c",
        "%s is not recognized as a service.": "%s \u0e44\u0e21\u0e48\u0e44\u0e14\u0e49\u0e23\u0e31\u0e1a\u0e01\u0e32\u0e23\u0e22\u0e2d\u0e21\u0e23\u0e31\u0e1a\u0e27\u0e48\u0e32\u0e40\u0e1b\u0e47\u0e19\u0e1a\u0e23\u0e34\u0e01\u0e32\u0e23",
        "It may not be registered with Supervisor yet. Restarting broadcasting may help.": "\u0e2d\u0e32\u0e08\u0e22\u0e31\u0e07\u0e44\u0e21\u0e48\u0e44\u0e14\u0e49\u0e25\u0e07\u0e17\u0e30\u0e40\u0e1a\u0e35\u0e22\u0e19\u0e01\u0e31\u0e1a\u0e2b\u0e31\u0e27\u0e2b\u0e19\u0e49\u0e32\u0e07\u0e32\u0e19 \u0e01\u0e32\u0e23\u0e23\u0e35\u0e2a\u0e15\u0e32\u0e23\u0e4c\u0e17\u0e01\u0e32\u0e23\u0e2d\u0e2d\u0e01\u0e2d\u0e32\u0e01\u0e32\u0e28\u0e43\u0e2b\u0e21\u0e48\u0e2d\u0e32\u0e08\u0e0a\u0e48\u0e27\u0e22\u0e44\u0e14\u0e49",
        "%s cannot start": "%s \u0e44\u0e21\u0e48\u0e2a\u0e32\u0e21\u0e32\u0e23\u0e16\u0e40\u0e23\u0e34\u0e48\u0e21\u0e44\u0e14\u0e49",
        "It is already running.": "\u0e21\u0e31\u0e19\u0e17\u0e33\u0e07\u0e32\u0e19\u0e2d\u0e22\u0e39\u0e48\u0e41\u0e25\u0e49\u0e27",
        "%s cannot stop": "%s \u0e44\u0e21\u0e48\u0e2a\u0e32\u0e21\u0e32\u0e23\u0e16\u0e2b\u0e22\u0e38\u0e14",
        "It is not running.": "\u0e21\u0e31\u0e19\u0e44\u0e21\u0e48\u0e17\u0e33\u0e07\u0e32\u0e19",
        "Check the log for details.": "\u0e15\u0e23\u0e27\u0e08\u0e2a\u0e2d\u0e1a\u0e1a\u0e31\u0e19\u0e17\u0e36\u0e01\u0e40\u0e1e\u0e37\u0e48\u0e2d\u0e14\u0e39\u0e23\u0e32\u0e22\u0e25\u0e30\u0e40\u0e2d\u0e35\u0e22\u0e14",
        "You do not have permission to access this portion of the site.": "\u0e04\u0e38\u0e13\u0e44\u0e21\u0e48\u0e44\u0e14\u0e49\u0e23\u0e31\u0e1a\u0e2d\u0e19\u0e38\u0e0d\u0e32\u0e15\u0e43\u0e2b\u0e49\u0e40\u0e02\u0e49\u0e32\u0e16\u0e36\u0e07\u0e2a\u0e48\u0e27\u0e19\u0e19\u0e35\u0e49\u0e02\u0e2d\u0e07\u0e40\u0e27\u0e47\u0e1a\u0e44\u0e0b\u0e15\u0e4c",
        "You must be logged in to access this page.": "\u0e04\u0e38\u0e13\u0e15\u0e49\u0e2d\u0e07\u0e40\u0e02\u0e49\u0e32\u0e2a\u0e39\u0e48\u0e23\u0e30\u0e1a\u0e1a\u0e40\u0e1e\u0e37\u0e48\u0e2d\u0e40\u0e02\u0e49\u0e32\u0e16\u0e36\u0e07\u0e2b\u0e19\u0e49\u0e32\u0e19\u0e35\u0e49",
        "All Permissions": "\u0e2a\u0e34\u0e17\u0e18\u0e34\u0e4c\u0e01\u0e32\u0e23\u0e43\u0e0a\u0e49\u0e07\u0e32\u0e19\u0e17\u0e31\u0e49\u0e07\u0e2b\u0e21\u0e14",
        "View Station Page": "\u0e14\u0e39\u0e2b\u0e19\u0e49\u0e32\u0e2a\u0e16\u0e32\u0e19\u0e35",
        "View Station Reports": "\u0e14\u0e39\u0e23\u0e32\u0e22\u0e07\u0e32\u0e19\u0e2a\u0e16\u0e32\u0e19\u0e35",
        "View Station Logs": "\u0e14\u0e39\u0e1a\u0e31\u0e19\u0e17\u0e36\u0e01\u0e2a\u0e16\u0e32\u0e19\u0e35",
        "Manage Station Profile": "\u0e08\u0e31\u0e14\u0e01\u0e32\u0e23\u0e42\u0e1b\u0e23\u0e44\u0e1f\u0e25\u0e4c\u0e2a\u0e16\u0e32\u0e19\u0e35",
        "Manage Station Broadcasting": "\u0e08\u0e31\u0e14\u0e01\u0e32\u0e23\u0e2a\u0e16\u0e32\u0e19\u0e35\u0e2d\u0e2d\u0e01\u0e2d\u0e32\u0e01\u0e32\u0e28",
        "Manage Station Streamers": "\u0e08\u0e31\u0e14\u0e01\u0e32\u0e23\u0e2a\u0e16\u0e32\u0e19\u0e35\u0e2a\u0e15\u0e23\u0e35\u0e21\u0e40\u0e21\u0e2d\u0e23\u0e4c",
        "Manage Station Mount Points": "\u0e08\u0e31\u0e14\u0e01\u0e32\u0e23 Mount Points \u0e2a\u0e16\u0e32\u0e19\u0e35",
        "Manage Station Remote Relays": "\u0e08\u0e31\u0e14\u0e01\u0e32\u0e23\u0e23\u0e35\u0e40\u0e25\u0e22\u0e4c\u0e23\u0e30\u0e22\u0e30\u0e44\u0e01\u0e25\u0e2a\u0e16\u0e32\u0e19\u0e35",
        "Manage Station Media": "\u0e08\u0e31\u0e14\u0e01\u0e32\u0e23\u0e2a\u0e37\u0e48\u0e2d\u0e2a\u0e16\u0e32\u0e19\u0e35",
        "Manage Station Automation": "\u0e08\u0e31\u0e14\u0e01\u0e32\u0e23\u0e2a\u0e16\u0e32\u0e19\u0e35\u0e2d\u0e31\u0e15\u0e42\u0e19\u0e21\u0e31\u0e15\u0e34",
        "Manage Station Web Hooks": "\u0e08\u0e31\u0e14\u0e01\u0e32\u0e23 Web Hook \u0e2a\u0e16\u0e32\u0e19\u0e35",
        "View Administration Page": "\u0e14\u0e39\u0e2b\u0e19\u0e49\u0e32\u0e1c\u0e39\u0e49\u0e14\u0e39\u0e41\u0e25\u0e23\u0e30\u0e1a\u0e1a",
        "View System Logs": "\u0e14\u0e39\u0e1a\u0e31\u0e19\u0e17\u0e36\u0e01\u0e23\u0e30\u0e1a\u0e1a",
        "Administer Settings": "\u0e15\u0e31\u0e49\u0e07\u0e04\u0e48\u0e32\u0e1c\u0e39\u0e49\u0e14\u0e39\u0e41\u0e25\u0e23\u0e30\u0e1a\u0e1a",
        "Administer API Keys": "\u0e08\u0e31\u0e14\u0e01\u0e32\u0e23\u0e04\u0e35\u0e22\u0e4c API",
        "Administer Stations": "\u0e08\u0e31\u0e14\u0e01\u0e32\u0e23\u0e2a\u0e16\u0e32\u0e19\u0e35",
        "Administer Custom Fields": "\u0e08\u0e31\u0e14\u0e01\u0e32\u0e23\u0e1f\u0e34\u0e25\u0e14\u0e4c\u0e17\u0e35\u0e48\u0e01\u0e33\u0e2b\u0e19\u0e14\u0e40\u0e2d\u0e07",
        "Administer Backups": "\u0e08\u0e31\u0e14\u0e01\u0e32\u0e23\u0e01\u0e32\u0e23\u0e2a\u0e33\u0e23\u0e2d\u0e07\u0e02\u0e49\u0e2d\u0e21\u0e39\u0e25",
        "Administer Storage Locations": "\u0e08\u0e31\u0e14\u0e01\u0e32\u0e23\u0e2a\u0e16\u0e32\u0e19\u0e17\u0e35\u0e48\u0e08\u0e31\u0e14\u0e40\u0e01\u0e47\u0e1a\u0e02\u0e49\u0e2d\u0e21\u0e39\u0e25",
        "This product includes GeoLite2 data created by MaxMind, available from %s.": "\u0e1c\u0e25\u0e34\u0e15\u0e20\u0e31\u0e13\u0e11\u0e4c\u0e19\u0e35\u0e49\u0e21\u0e35\u0e02\u0e49\u0e2d\u0e21\u0e39\u0e25 GeoLite2 \u0e17\u0e35\u0e48\u0e2a\u0e23\u0e49\u0e32\u0e07\u0e42\u0e14\u0e22 MaxMind \u0e0b\u0e36\u0e48\u0e07\u0e2b\u0e32\u0e44\u0e14\u0e49\u0e08\u0e32\u0e01 %s.",
        "IP Geolocation by DB-IP": "IP Geolocation \u0e42\u0e14\u0e22 DB-IP",
        "GeoLite database not configured for this installation. See System Administration for instructions.": "\u0e44\u0e21\u0e48\u0e44\u0e14\u0e49\u0e01\u0e33\u0e2b\u0e19\u0e14\u0e04\u0e48\u0e32\u0e10\u0e32\u0e19\u0e02\u0e49\u0e2d\u0e21\u0e39\u0e25 GeoLite \u0e2a\u0e33\u0e2b\u0e23\u0e31\u0e1a\u0e01\u0e32\u0e23\u0e15\u0e34\u0e14\u0e15\u0e31\u0e49\u0e07\u0e19\u0e35\u0e49 \u0e14\u0e39\u0e23\u0e30\u0e1a\u0e1a\u0e01\u0e32\u0e23\u0e1a\u0e23\u0e34\u0e2b\u0e32\u0e23\u0e2a\u0e33\u0e2b\u0e23\u0e31\u0e1a\u0e04\u0e33\u0e41\u0e19\u0e30\u0e19\u0e33",
        "Installation Not Recently Backed Up": "\u0e01\u0e32\u0e23\u0e15\u0e34\u0e14\u0e15\u0e31\u0e49\u0e07\u0e44\u0e21\u0e48\u0e44\u0e14\u0e49\u0e2a\u0e33\u0e23\u0e2d\u0e07\u0e44\u0e27\u0e49\u0e40\u0e21\u0e37\u0e48\u0e2d\u0e40\u0e23\u0e47\u0e27 \u0e46 \u0e19\u0e35\u0e49",
        "Comment": "\u0e04\u0e27\u0e32\u0e21\u0e04\u0e34\u0e14\u0e40\u0e2b\u0e47\u0e19",
        "Composer": "\u0e1c\u0e39\u0e49\u0e41\u0e15\u0e48\u0e07\u0e40\u0e1e\u0e25\u0e07",
        "Copyright": "\u0e25\u0e34\u0e02\u0e2a\u0e34\u0e17\u0e18\u0e34\u0e4c",
        "Encoded By": "\u0e40\u0e02\u0e49\u0e32\u0e23\u0e2b\u0e31\u0e2a\u0e42\u0e14\u0e22",
        "Year": "\u0e1b\u0e35"
    }
}